first_name,last_name,email,phone,street,house_number,create_timestamp,zipcode,id,total_price
Violetta,Millions,vmillions1g@icq.com,35840536,Ærtevej,211,2023-05-18 03:12:27,7850,1,178.8
Vicki,Pernell,vpernellgj@aboutads.info,95797156,Lillevangsparken,56,2023-05-18 04:02:28,8832,2,64.9
Waldemar,Bengochea,wbengochea5j@hatena.ne.jp,54344968,Friggasvej,33,2023-05-18 10:48:42,6853,3,1476.0
Richard,Dicky,rdickynz@soup.io,45815122,Røde Låge,78,2023-05-18 18:36:07,8961,4,259.0
Carolee,Proud,cproud5l@free.fr,62157629,Nordtoften,108,2023-05-18 19:16:49,1106,5,1265.6
Hatti,Keggin,hkegginqq@nymag.com,81215713,Agerhaven,50,2023-05-18 19:49:27,1674,6,158.70000000000002
Darrick,Yushin,dyushink5@tinyurl.com,87532413,Batterivej,106,2023-05-18 21:43:17,9940,7,1176.3000000000002
Angil,Timby,atimby3i@dyndns.org,23748028,Bronzealderen,190,2023-05-18 23:31:00,1657,8,6195.6
Alleen,Hawse,ahawser7@sakura.ne.jp,26945572,Sandvigsvej,123,2023-05-19 09:04:14,1215,9,1727.8
Fabien,Ruggles,fruggleskg@gnu.org,34141025,Ishøj Strandvej,88,2023-05-19 11:08:02,6070,10,65.8
Jacinta,Lount,jlountcs@vk.com,52105962,Klintegårdsvej,44,2023-05-19 19:23:14,1264,11,209.70000000000002
Caitlin,Laffoley-Lane,claffoleylane9c@goodreads.com,62404142,Ladefyldvej,182,2023-05-20 12:34:59,4840,12,1573.0
Klarrisa,MacGeaney,kmacgeaneyg9@tamu.edu,79307674,Motorgangen,186,2023-05-20 19:33:49,9620,13,1681.6
Persis,Olphert,polphertci@buzzfeed.com,82214771,Ferievej,184,2023-05-21 00:13:30,4060,14,69.9
Francklin,Isakowicz,fisakowiczii@de.vu,43129082,Spættebo,42,2023-05-21 02:13:24,1559,15,1873.0
Lauryn,Demaid,ldemaidq7@stumbleupon.com,64642066,Byvejen,13,2023-05-21 15:23:23,1734,16,393.3
Vite,Lidington,vlidington7i@feedburner.com,26914892,Egevoldstien,59,2023-05-21 20:04:15,1661,17,6652.700000000001
Euphemia,Killock,ekillocknd@umn.edu,21830095,Hellevej,181,2023-05-21 22:45:11,6470,18,69.9
Rosalia,Hamblen,rhamblen9w@linkedin.com,39603059,Solrød Byvej,23,2023-05-21 23:26:17,8340,19,29.8
Rowan,Norrington,rnorrington34@ocn.ne.jp,32048360,Karsemosevej,166,2023-05-22 02:20:01,1328,20,1514.6
Grethel,Blewitt,gblewittj5@dyndns.org,23470922,Mosevænget,74,2023-05-22 07:19:26,4305,21,6654.8
Ignacius,Purnell,ipurnellmd@slideshare.net,99421148,Gyldenløves Kvarter,188,2023-05-22 13:23:27,1910,22,2165.5
Angelo,Lacrouts,alacroutskp@thetimes.co.uk,22242064,Gersager Alle,155,2023-05-23 20:16:47,1856,23,7441.5
Maxie,Branscomb,mbranscombol@un.org,32452334,Hultoften,72,2023-05-24 00:46:16,1921,24,4654.0
Dun,Copeland,dcopeland58@wikia.com,81058574,Havbogårdsvej,180,2023-05-24 04:22:32,1634,25,789.9
Noami,Rizzardini,nrizzardinibu@independent.co.uk,43655831,Strandgårdsvej,169,2023-05-26 06:22:54,1454,26,1129.7
Tobiah,Byway,tbywayds@meetup.com,95397293,Højbakkevej,207,2023-05-26 17:04:04,4245,27,2306.9
Mair,Cockshoot,mcockshootn0@meetup.com,90419527,Rorgængervej,97,2023-05-27 02:59:16,3220,28,349.5
Anallise,Lusk,aluskqx@topsy.com,49902900,Hedesøvej,181,2023-05-27 06:15:10,4300,29,558.0
Olivie,Siddle,osiddlebc@china.com.cn,89188927,Krebsevej,52,2023-05-27 16:08:37,7183,30,593.9
Missy,Antrum,mantrumrc@webs.com,90348590,Kjærsvej,21,2023-05-28 08:06:15,1873,31,336.6
Alick,Mc Caghan,amccaghan9t@studiopress.com,51557160,Vestre Strandvej,61,2023-05-28 08:12:36,6230,32,857.0
Vanny,Crouse,vcrouseez@noaa.gov,28992701,Poppelvænget,58,2023-05-28 09:43:10,9850,33,1148.1
Karlene,Levicount,klevicounta5@networksolutions.com,87653987,Østre Kvartergade,58,2023-05-29 20:26:06,8500,34,2544.6
Berti,Hellmore,bhellmoreir@businesswire.com,29255174,Ajax Alle,46,2023-05-29 22:09:55,7184,35,1984.0
Brunhilde,Deane,bdeanell@merriam-webster.com,22201225,Havehusene,201,2023-05-30 12:49:59,5450,36,16394.0
Amalie,Richardes,arichardesfh@sphinn.com,82772337,Ellebovej,99,2023-05-30 22:35:18,5610,37,548.3
Monah,Baude,mbaudecc@addthis.com,29688242,Rønneholmen,89,2023-06-01 00:27:14,1326,38,729.7
Saundra,Rainsbury,srainsburyhn@topsy.com,60764314,Engelholmvej,208,2023-06-01 21:28:32,1203,39,1497.6
Briana,Wormald,bwormaldnq@tinypic.com,93154079,Jerismosevej,24,2023-06-02 02:04:10,9280,40,936.8
Mathilde,Penton,mpentonab@etsy.com,96661330,Strandskolevej,113,2023-06-02 07:18:16,1711,41,460.0
Gustie,Mesnard,gmesnardel@nsw.gov.au,27689015,Thorsager,137,2023-06-03 13:19:34,1622,42,772.8
Casie,Colquete,ccolquetek9@smh.com.au,37009332,Grostedet,73,2023-06-03 21:16:06,3500,43,9173.0
Gabby,Chainey,gchaineyly@shinystat.com,27410508,Ved Rævebakken,91,2023-06-04 01:37:24,2830,44,438.8
Ramonda,Bedo,rbedom5@mysql.com,68515061,Tjørnely,222,2023-06-04 11:41:52,8000,45,1715.6
Dorelle,Eaves,deavesib@army.mil,77227915,Edelsmindevej,72,2023-06-04 11:49:01,3550,46,1883.7999999999997
Nickie,Damiata,ndamiatab7@creativecommons.org,26607532,Grundkær,144,2023-06-04 12:15:54,6280,47,5816.3
Jeanelle,Kingaby,jkingaby53@e-recht24.de,32563773,Clausholmvej,162,2023-06-04 13:11:27,7673,48,1404.5
Alvan,Piccop,apiccop7m@prlog.org,96789629,Kagsløkke,5,2023-06-05 10:37:18,1650,49,1854.7
Theodora,Leif,tleifbt@e-recht24.de,22379897,Ellevej,202,2023-06-06 04:13:23,1964,50,1854.5
Ambrosi,By,aby84@behance.net,88989939,Herbergvejen,49,2023-06-06 04:33:11,5260,51,8053.0
Prescott,Chaim,pchaim8r@lulu.com,89756729,Strandskoven,84,2023-06-06 22:39:57,1118,52,437.5
Annadiane,Loweth,aloweth6i@ning.com,23593375,Lyngevej,180,2023-06-07 01:23:45,1322,53,399.6
Fleming,Moline,fmoline2l@java.com,42187843,Vestre Lærkevej,198,2023-06-07 06:18:29,1750,54,2151.2
Peirce,Kernar,pkernarj4@networkadvertising.org,29103088,Slåenvænget,61,2023-06-07 14:07:09,8250,55,11628.0
Michelina,De Ambrosis,mdeambrosisdn@harvard.edu,89052247,Risbjergvej,82,2023-06-07 14:09:33,1712,56,1094.2
Davis,Noddles,dnoddleskv@lycos.com,91199575,Lindelundsvej,94,2023-06-07 18:28:30,6753,57,619.7
Terrell,Buckerfield,tbuckerfield37@arstechnica.com,86132796,Snerlevej,37,2023-06-07 22:28:53,8840,58,788.6
Carmella,Oswald,coswald3d@bigcartel.com,63045400,Lykkevej,129,2023-06-08 08:34:46,9293,59,837.0
Antonella,Mincini,amincinidp@soup.io,93981714,Frihedslyst Alle,37,2023-06-09 00:16:07,5871,60,279.6
Teddie,Tideswell,ttideswellnx@rambler.ru,87919669,Brøndby Havnevej,24,2023-06-09 14:09:33,4792,61,1243.5
Tomasine,Laba,tlababf@boston.com,77216450,Gislingevej,165,2023-06-09 15:01:58,1212,62,4328.400000000001
Gauthier,Avrahamof,gavrahamofcx@infoseek.co.jp,27711062,Frydenhøj Alle,215,2023-06-09 15:03:47,1853,63,700.1
Myranda,Chant,mchantm6@newsvine.com,88447690,Birkedalen,220,2023-06-09 19:20:53,5300,64,270.0
Mackenzie,Cotgrove,mcotgroverq@histats.com,75672352,Solbærengen,17,2023-06-10 18:32:35,6830,65,2076.0
Marcellus,Dietmar,mdietmar1h@4shared.com,23835320,Vildtbaneparken,175,2023-06-10 18:56:34,5853,66,628.0
Hayward,Selman,hselman20@ning.com,92164216,Bakkekammen,62,2023-06-10 19:12:05,1569,67,420.0
Lazarus,Siegertsz,lsiegertszi6@blogtalkradio.com,32477846,Lerdraget,83,2023-06-10 22:23:18,4171,68,16.9
Stacey,Gethings,sgethings64@who.int,99489769,Hejren,97,2023-06-10 23:42:38,1555,69,580.0
Jarrett,Syddall,jsyddallkh@flavors.me,31611082,Strandbovej,107,2023-06-11 03:09:34,1714,70,2132.3
Riki,Caller,rcaller5f@wisc.edu,26259123,Højvangen,113,2023-06-12 23:44:07,4190,71,8082.6
Rina,Waples,rwaplesb@google.com.br,95417612,Åsen,69,2023-06-13 00:06:23,1412,72,2692.5
Kenna,Voaden,kvoaden75@bloglines.com,85349422,Solrød Center,25,2023-06-13 00:40:41,1751,73,1285.7
Latia,Jahndel,ljahndel4@house.gov,68022385,Janesvej,95,2023-06-13 07:32:20,3490,74,1503.0
Charmine,Folland,cfolland8e@flavors.me,91916108,Kildebakkevej,4,2023-06-13 18:37:18,8370,75,1080.3
Ted,Pinxton,tpinxtong2@vk.com,61822364,Mosede Parkvej,130,2023-06-14 01:02:50,3120,76,1483.8
Emelita,Corben,ecorbend3@columbia.edu,96386339,Bjørnehøjvej,178,2023-06-14 22:14:04,1315,77,2371.7
Krishnah,Perri,kperripj@foxnews.com,25871844,Jersie Center,75,2023-06-15 02:14:20,1060,78,1126.2
Enriqueta,Haggar,ehaggarqu@free.fr,53904618,Hvidovregade,177,2023-06-15 05:34:34,1861,79,199.5
Gunar,McGeechan,gmcgeechanc5@wired.com,68818561,Rylevej,202,2023-06-15 08:00:42,1435,80,2054.0
Ed,Stileman,estilemanfe@opensource.org,53215020,Bonnesvej,156,2023-06-15 16:56:59,4871,81,9313.8
Cassie,Sogg,csoggf3@oaic.gov.au,66433891,Pedersborgvej,76,2023-06-16 09:35:42,1618,82,900.8
Jamima,Cowlam,jcowlamgv@cloudflare.com,35756226,Nørreled,64,2023-06-17 09:36:38,1909,83,1835.6
Georgeanne,Hulance,ghulancedm@xinhuanet.com,85119736,Elmehaven,226,2023-06-17 11:05:57,6520,84,3162.6000000000004
Friedrich,Brash,fbrashcw@reddit.com,67410251,Rosenvangen,68,2023-06-17 14:58:51,9610,85,1081.5
Bryn,Dilger,bdilgermc@dyndns.org,40024581,Bellisvej,52,2023-06-17 15:41:53,2900,86,6639.5
Sammie,Trowle,strowle4a@jigsy.com,98827502,Østermarksvej,17,2023-06-17 22:00:06,8381,87,1806.0
Tanner,Seaborne,tseaborne7n@cyberchimps.com,57498844,Engmosevej,69,2023-06-18 02:06:49,1128,88,3596.0
Pieter,Armit,parmitb9@google.nl,39974310,Møllehøjvej,177,2023-06-18 13:28:39,2670,89,3063.6000000000004
Laney,McCurtain,lmccurtainoa@seesaa.net,30112372,Agerkrogen,39,2023-06-19 02:23:01,1456,90,623.5
Theo,Berrycloth,tberrycloth88@1und1.de,84726014,Annasvej,40,2023-06-19 19:32:51,9293,91,716.0
Zelig,Middleweek,zmiddleweeki3@furl.net,55563252,Maglebæk Søpark,77,2023-06-20 02:31:01,8765,92,3418.7
Moishe,Kubera,mkubera44@answers.com,36214673,Vesterkøb,104,2023-06-20 09:11:29,1877,93,878.0
Chrystel,Caughey,ccaughey66@cdc.gov,99421747,Stenrøjel,17,2023-06-20 16:50:08,1413,94,1598.5
Gorden,Pinyon,gpinyonq@w3.org,89279380,Vendalsgård,8,2023-06-20 21:29:11,7250,95,1392.2
Janenna,Schuh,jschuh5k@zdnet.com,89315564,Trafikvejen,144,2023-06-21 09:13:15,4640,96,1992.3999999999999
Alexandra,Grinaugh,agrinaughbd@jimdo.com,42234512,Rævebo,16,2023-06-21 13:23:28,5943,97,129.0
Emmye,Gouinlock,egouinlock7h@zdnet.com,66043620,Liselundager,212,2023-06-21 20:29:38,1427,98,234.70000000000002
Gregoire,Gant,ggant6t@stanford.edu,58343073,Hovgårdsparken,111,2023-06-21 21:20:21,4250,99,1051.9
Harriette,Marie,hmarieif@altervista.org,21751536,Bakkeboager,199,2023-06-23 18:18:10,1714,100,99.9
Tomas,Petters,tpetters4q@shareasale.com,40456348,Eriksholmvej,97,2023-06-23 19:27:12,1615,101,2210.0
Jude,Havercroft,jhavercroft1a@miitbeian.gov.cn,25698334,Vadsby Bygade,145,2023-06-25 11:12:54,1406,102,1274.8
Hill,Duthie,hduthieki@hubpages.com,24926647,Birkemosen,46,2023-06-26 01:26:02,5471,103,1140.7
Justin,Alten,jaltenno@seattletimes.com,26137619,Svalegangen,109,2023-06-26 04:34:07,6920,104,2792.0
Holli,Bernardt,hbernardtrn@unicef.org,74594888,Perlevej,219,2023-06-26 12:36:29,3250,105,1508.8
Ignace,Janusz,ijanuszi1@springer.com,53505340,Silovej,114,2023-06-28 15:29:34,5602,106,992.9
Abbie,Brodest,abrodestlj@princeton.edu,52718161,Metavang,122,2023-06-28 17:24:32,9381,107,747.0
Saloma,Nyles,snylesmt@4shared.com,62858209,Ketilstorp Alle,219,2023-06-30 02:25:54,1417,108,1014.0
Alverta,Attenburrow,aattenburrowhd@nps.gov,42750329,Mosede Landevej,91,2023-06-30 06:42:30,5463,109,3392.0
Fabe,Longley,flongleykw@constantcontact.com,47692575,Pileskovvej,87,2023-06-30 11:34:20,7900,110,2034.5
Aridatha,Pautard,apautardlv@gov.uk,82336473,Havnevej,39,2023-07-01 01:01:20,3050,111,675.5
Astrid,Werrit,awerritqm@sphinn.com,40259337,Torslundevej,201,2023-07-01 01:33:25,2760,112,6503.0
Ashley,Grigor,agrigorgd@abc.net.au,85978418,Mosebuen,40,2023-07-01 02:56:42,5466,113,1513.6
Rufus,Eagleton,reagletondd@woothemes.com,99303451,Knabstrupvej,67,2023-07-01 23:50:28,2665,114,2285.8
Lora,Gierek,lgierekpm@free.fr,99053654,Kisumparken,73,2023-07-02 16:16:20,1958,115,1125.3
Alexina,Licas,alicasb8@a8.net,26798044,Brombærvænget,24,2023-07-03 12:06:47,1661,116,45.8
Selena,Soars,ssoarsht@typepad.com,72433661,Hyldager,14,2023-07-03 18:17:26,1456,117,996.0
Carmine,Scarffe,cscarffe9j@ucsd.edu,88799913,Kirkebjerg Vænge,58,2023-07-04 10:59:37,8781,118,339.6
Merrile,McTrustram,mmctrustram4g@cisco.com,23159778,Hyltebjerg Allé,193,2023-07-05 18:08:33,6541,119,3953.8
Xavier,Cubbon,xcubbonn4@instagram.com,38845322,Brønshøjvej,140,2023-07-05 18:15:19,4850,120,3075.0
Aymer,Wayon,awayonr1@tumblr.com,82143874,Sortemosen,134,2023-07-06 17:30:54,4244,121,796.8
Angelica,Teeney,ateeneyou@wix.com,45307255,Thors Kvarter,165,2023-07-07 05:13:05,1923,122,428.5
Evy,Crat,ecrat4r@huffingtonpost.com,94278203,Engmarksvej,36,2023-07-07 20:53:30,1252,123,1440.3000000000002
Denny,Euesden,deuesdenhj@lulu.com,21255572,Egevolden,71,2023-07-07 22:54:48,9575,124,1461.7
Di,Boobyer,dboobyer2w@1688.com,92761150,Sylen,87,2023-07-08 01:45:30,1921,125,26.9
Travis,Purver,tpurvergt@craigslist.org,48075587,Syrenvænget,141,2023-07-08 14:20:49,3080,126,369.0
Veradis,Keywood,vkeywoodrj@blogtalkradio.com,45807243,Orfeus Alle,84,2023-07-09 07:13:37,1928,127,1396.0
Brittany,Gladding,bgladdingex@purevolume.com,37060860,Østerholmen,110,2023-07-09 15:47:02,6000,128,2304.0
Delainey,Haggerstone,dhaggerstoneqr@altervista.org,58501604,Ishøj Østergade,227,2023-07-09 16:29:07,3790,129,647.0
Karon,Sherrott,ksherrott52@ucoz.ru,41994538,Vestre Plantagevej,16,2023-07-09 21:00:15,7770,130,3614.7
Valentia,Peever,vpeever2p@fotki.com,43606082,Merløsevej,171,2023-07-10 03:05:51,4300,131,3294.0
Edlin,Till,etilld0@netvibes.com,35473483,Egeholmen,4,2023-07-10 10:37:35,1950,132,1093.1000000000001
Catrina,Minerdo,cminerdoh1@google.fr,28129495,Strøbyholm,157,2023-07-10 22:32:57,1659,133,2642.4
Vanna,Knowlden,vknowldenh7@paypal.com,51644154,Ejstrupvej,99,2023-07-11 00:56:28,4262,134,2234.0
Britteny,Hunnicot,bhunnicotlo@yelp.com,74941147,Greveager,6,2023-07-11 04:17:58,1158,135,2123.7
Halette,Ashlin,hashlin4l@liveinternet.ru,73531227,Enebærvænget,92,2023-07-11 11:00:39,4291,136,6370.0
Annie,Brenard,abrenardl3@slashdot.org,63502040,Brydeholm,118,2023-07-11 14:51:25,4573,137,199.0
Ricki,Bocken,rbocken8v@fema.gov,52991834,Bjeverskov Alle,104,2023-07-11 15:33:44,6372,138,59.6
Karia,Rau,krau54@symantec.com,59710046,Nøddebostien,175,2023-07-13 07:51:03,5970,139,2756.7
Chev,Gauson,cgausonfo@edublogs.org,69921672,Berberisvej,146,2023-07-13 17:27:37,8740,140,359.0
Oralia,Chomley,ochomley9i@twitter.com,52253033,Karlstrup Strandvej,18,2023-07-14 01:05:51,5464,141,2547.0
Emmi,Mart,emartfc@mit.edu,60233574,Gjeddesdalsvej,174,2023-07-14 02:43:39,1563,142,722.8
Marillin,Bollard,mbollardow@stumbleupon.com,73215728,Krathusvej,69,2023-07-15 01:45:12,1172,143,388.6
Carolynn,Fick,cfickhs@vinaora.com,62109102,Brandhøjvej,182,2023-07-15 11:35:41,1064,144,3499.0
Jeffie,Langham,jlanghamd@naver.com,94247103,Ishøj Centervej,30,2023-07-15 13:58:07,1607,145,1056.6
Carling,Beney,cbeneyfm@prnewswire.com,75544580,Gennemløbet,209,2023-07-16 12:48:44,4550,146,1104.0
Arthur,Carlill,acarlill3w@thetimes.co.uk,66355810,Strandhusene,93,2023-07-17 00:48:33,3500,147,1635.7
Gian,Linnitt,glinnittag@fc2.com,24192506,Skipperstræde,201,2023-07-17 07:49:32,5610,148,200.5
Holly,Karet,hkareten@wordpress.com,86974498,Lyngkrogen,207,2023-07-17 08:59:06,4772,149,2867.7
Ariel,Toft,atoftl6@pcworld.com,53701108,Kærlunden,145,2023-07-18 04:40:30,1854,150,6662.7
Eyde,Gregh,egregha2@tiny.cc,86161484,Kastaniehusene,72,2023-07-18 05:39:29,6933,151,628.5
Evelyn,Gray,egray7x@devhub.com,67622361,Kvistgårdsvej,117,2023-07-18 14:09:15,1962,152,2439.0
Geralda,Birtley,gbirtleylk@sphinn.com,41392664,Hyldestien,38,2023-07-18 16:16:47,1556,153,1596.4
Valida,Sambrook,vsambrook7c@networksolutions.com,87915636,Vangeleddet,204,2023-07-19 05:10:20,1208,154,139.8
Zora,Triner,ztrinerbw@google.com.hk,34789966,Bomager,162,2023-07-19 16:41:37,8632,155,823.3
Lanie,Euplate,leuplatef5@craigslist.org,93815731,Klintebakken,205,2023-07-20 05:06:20,4230,156,2546.4
Daria,Stiant,dstiant6y@narod.ru,90826454,Hundige Stationsvej,207,2023-07-20 07:15:16,7560,157,119.69999999999999
Caleb,Cheales,ccheales67@princeton.edu,66623740,Strandby Have,45,2023-07-20 09:48:49,1100,158,2214.0
Fransisco,Lothlorien,flothloriendk@state.gov,45294881,Klintsøvej,67,2023-07-20 12:10:39,1368,159,919.0
Colin,Buse,cbuse5w@phoca.cz,62196964,Svejsegangen,54,2023-07-20 22:17:24,1864,160,503.7
Cassaundra,Beardsall,cbeardsallm3@hc360.com,62214431,Beredskabsvej,219,2023-07-20 22:31:14,1459,161,687.0
Bidget,Paradis,bparadis5m@ezinearticles.com,83643261,Blekinge Boulevard,127,2023-07-20 23:42:18,1603,162,646.4000000000001
Bald,Farge,bfargee7@techcrunch.com,27713413,Hybenvænget,12,2023-07-21 03:03:59,1822,163,259.6
Huberto,Growy,hgrowy8k@mayoclinic.com,62632425,Haldagervej,78,2023-07-21 07:33:11,1072,164,1797.0
Netta,Ivashkov,nivashkov9v@ted.com,82551566,Alkestien,49,2023-07-21 09:50:43,9293,165,1569.3000000000002
Val,Dionisio,vdionisio4u@fda.gov,78773554,Banefløjstien,179,2023-07-21 10:13:52,4245,166,2120.9
Hillary,Methuen,hmethuen98@themeforest.net,44996889,Jersie Strandvej,86,2023-07-21 10:42:40,1428,167,1226.5
Phyllida,Hallford,phallfordis@vimeo.com,71289962,Gammel Køgevej,174,2023-07-21 20:59:39,4760,168,28221.600000000002
Bekki,Kobiera,bkobiera72@biblegateway.com,62408845,Ærtebjergvej,87,2023-07-22 06:22:18,1268,169,1730.6
Inger,Foggarty,ifoggartyq2@gizmodo.com,98622777,Stæreskellet,98,2023-07-22 19:17:31,4623,170,398.0
Rosemaria,Attwill,rattwillov@ft.com,40192819,Isterødvej,56,2023-07-22 22:31:23,1607,171,1796.7
Karney,McVeighty,kmcveightydb@live.com,38529857,Søndre Åtoften,67,2023-07-23 08:31:07,1857,172,1524.9
Vivyan,Gartsyde,vgartsyden2@canalblog.com,91247852,Flinterne,127,2023-07-23 15:21:52,4591,173,8206.0
Radcliffe,Raoul,rraoulmb@elpais.com,66594821,Apollovej,53,2023-07-23 18:27:23,1660,174,1615.9
Clarita,Siggins,csigginslb@prweb.com,92160852,Avedøreholmen,42,2023-07-24 04:28:00,6971,175,2350.0
Keri,Zimmermanns,kzimmermannso9@dailymail.co.uk,84947382,Tjærebyvej,17,2023-07-24 07:18:31,1060,176,1838.8000000000002
Daphna,Ivanchov,divanchovb2@rakuten.co.jp,97618024,Torslunde Bygade,138,2023-07-24 12:00:48,1971,177,821.9
Geri,Spowart,gspowart9y@altervista.org,53449101,Brolæggerpladsen,115,2023-07-24 19:33:49,8600,178,554.8
Cristy,Irnis,cirniseh@bbb.org,37852985,Damhusdæmningen,91,2023-07-25 18:57:35,1855,179,414.8
Florri,Buckenham,fbuckenhamdl@goodreads.com,69700431,Hf. Tingbjerg Pensionisthaver,129,2023-07-26 02:07:48,5943,180,2923.7
Carlota,Robshaw,crobshaw2u@amazon.com,34153968,Rostgaardsvej,195,2023-07-26 02:44:36,1606,181,1680.0
Alanna,Tours,atoursba@github.io,36412442,Strandkrogen,220,2023-07-26 08:42:08,1168,182,1173.8
Ophelia,Croft,ocroft7@rambler.ru,79516455,Brøndumvej,182,2023-07-26 18:07:22,1321,183,2129.7
Sigfrid,Terzo,sterzolf@blog.com,67139636,Taastrup Vænge,121,2023-07-26 19:30:34,1735,184,1568.9
Sydney,Oates,soatesqd@springer.com,94261332,J.Petersens Vej,43,2023-07-27 02:26:38,1852,185,1693.0
Teresa,Arlott,tarlottid@tiny.cc,70122722,Lillevej,99,2023-07-27 04:04:05,1616,186,3888.9
Liz,Seamans,lseamansn9@prlog.org,26954454,Hammerholmen,40,2023-07-27 23:10:57,1820,187,2313.6
Darelle,Sutherley,dsutherleyc@delicious.com,80122118,Søholtstien,177,2023-07-28 05:27:53,4291,188,2195.3999999999996
Sandy,Tattershaw,stattershawk0@state.tx.us,55404826,Bakkevolden,121,2023-07-28 10:37:57,1609,189,16141.0
Saul,Lynett,slynettlu@hostgator.com,65886676,Risager,183,2023-07-29 10:07:25,1814,190,1525.8
Kania,Aylesbury,kaylesburyr@aol.com,91634536,Hastrupvejen,65,2023-07-30 00:05:38,6800,191,2791.0
Yancy,Mattys,ymattyscq@goo.ne.jp,56454958,Nordre Kystagervej,195,2023-07-30 09:08:17,4733,192,603.7
Ernie,Chisholme,echisholmepr@imageshack.us,97129931,Skoleholmen,206,2023-07-30 14:35:55,8762,193,214.6
Heywood,Berecloth,hbereclothgy@elegantthemes.com,82527331,Niels Juelsvej,142,2023-07-30 21:00:18,8310,194,878.0
Dov,Mehew,dmehew21@hhs.gov,96409872,Midtfløjene,163,2023-07-31 05:55:49,1366,195,1833.3999999999999
Lemuel,Manthorpe,lmanthorpe2t@chicagotribune.com,34452608,Magasingade,163,2023-07-31 06:37:08,1724,196,1446.5
Feliza,Pragnall,fpragnalllm@reuters.com,30653368,Ishøjvej,157,2023-07-31 08:05:01,5390,197,5220.6
Shayne,Gilstin,sgilstinkt@umich.edu,22436433,Ibsvej,71,2023-07-31 11:14:21,1605,198,2232.5
Stinky,Eytel,seytelmr@nifty.com,71476551,Barløsevej,103,2023-07-31 15:44:57,1555,199,6036.5
Keven,Giovanetti,kgiovanettia4@dmoz.org,30312598,Flintevænget,42,2023-07-31 19:05:07,1113,200,5017.0
Dion,Benjamin,dbenjaminfz@dedecms.com,66709269,Sollentuna Alle,26,2023-07-31 22:12:48,1100,201,1462.4
Angel,Berry,aberryre@reference.com,28920825,Vildmosevej,214,2023-08-01 01:15:19,1411,202,722.5
Fidole,Morison,fmorisonjs@themeforest.net,52200448,Trædrejerporten,155,2023-08-01 06:16:03,1963,203,3635.0
Kara,Bemand,kbemandaa@utexas.edu,64345488,Åbakkevej,191,2023-08-01 18:43:57,8983,204,4087.0
Alfreda,Kohn,akohno3@hubpages.com,25381231,Blågårdsvej,101,2023-08-03 06:20:39,8472,205,1330.7
Far,Myrkus,fmyrkus26@google.cn,30640719,Anna Sophies Kvarter,18,2023-08-03 08:01:08,1456,206,1156.0
Kean,Hankey,khankeyjg@youku.com,44251245,Brittavej,207,2023-08-04 07:09:49,9240,207,279.6
Evangelia,Duffan,eduffanmx@printfriendly.com,90491834,Skipperhusene,127,2023-08-04 07:37:33,5464,208,3096.0
Sarette,Pengilley,spengilleymv@sogou.com,73437440,Tranegildestien,167,2023-08-04 09:23:55,1209,209,2343.0
Les,Broxis,lbroxisjc@home.pl,55565699,Hørager,152,2023-08-04 13:48:43,4720,210,6031.400000000001
Austin,Pantone,apantone9s@delicious.com,99304753,Maglekærvej,207,2023-08-04 19:16:32,1802,211,588.5
Wyatt,McVittie,wmcvittieij@edublogs.org,95605838,Hegnshusene,88,2023-08-05 03:39:16,1312,212,3612.8
Noe,Lexa,nlexaat@blogs.com,79067884,Gøgevej,72,2023-08-05 04:34:55,1811,213,420.8
Oliy,Gambie,ogambie68@hibu.com,56460087,Basnæsvej,67,2023-08-05 09:24:59,1419,214,7817.400000000001
Shirlee,De Michele,sdemichele6e@aol.com,62371671,Abildgårdsvej,189,2023-08-06 05:03:34,4942,215,706.0
Jessie,Tomanek,jtomanekmy@lulu.com,63165580,Ternemosen,121,2023-08-06 05:42:23,4220,216,1927.2
Ellissa,McCluney,emccluneyji@ca.gov,97540676,Fredtoftevej,46,2023-08-06 11:13:04,7755,217,6502.6
Othella,Avraam,oavraam5c@marriott.com,69464731,Sekskanten I,141,2023-08-06 19:11:41,3450,218,593.9
Birgit,Skates,bskatesda@npr.org,27907421,Ådalsvej,132,2023-08-07 13:52:15,1667,219,159.0
Tina,Kehir,tkehirmg@sfgate.com,64175263,Kollerupparken,148,2023-08-08 05:19:47,4672,220,299.70000000000005
Clerc,Hyams,chyams4o@sun.com,73221893,Lindholmsvej,57,2023-08-08 16:59:02,8530,221,178.9
Quinlan,Costley,qcostleyjx@cbc.ca,30381342,Brandhøjgårdsvej,95,2023-08-10 01:05:03,1571,222,2143.0
Claus,Maunton,cmaunton3l@ask.com,78466810,Risbjerggårds Alle,79,2023-08-10 04:21:24,6100,223,1195.6
Arline,Cleveland,aclevelandns@plala.or.jp,43199258,Våningstedgård,195,2023-08-10 10:15:23,9530,224,1378.6
Bekki,Gavaran,bgavarani4@shop-pro.jp,42903404,Tavleager,202,2023-08-11 01:11:10,7970,225,387.0
Karil,Sheed,ksheedp3@ftc.gov,75128308,Godsager,70,2023-08-11 02:34:38,1756,226,1567.0
Gwyneth,Fifield,gfifieldgg@ft.com,31884265,Krabbestien,197,2023-08-11 08:23:24,6400,227,4533.9
Nomi,Kezourec,nkezourecdo@etsy.com,46437944,Ellevænget,42,2023-08-11 16:44:26,6310,228,1261.7
Lucius,Hullett,lhullettfx@ameblo.jp,58425394,Tryllevældevej,223,2023-08-11 19:55:04,9631,229,1045.4
Andrew,Buggs,abuggse2@ed.gov,59881671,Klokkervænget,116,2023-08-12 04:54:56,4295,230,6373.7
Dorette,Hanks,dhanksbx@instagram.com,92802428,Teglstenen,227,2023-08-12 12:07:24,1706,231,598.0
Norbie,McComiskey,nmccomiskeydr@unc.edu,42447535,Lupinvej,6,2023-08-12 18:08:29,1721,232,179.8
Benita,Clacson,bclacson4p@people.com.cn,53319581,Maglelund,197,2023-08-12 18:41:18,2720,233,234.70000000000002
Arleen,Kleeborn,akleebornd9@newyorker.com,63600766,Hf. Husumhave,53,2023-08-13 03:46:29,8260,234,796.0
Ronalda,Maslen,rmaslenpq@alexa.com,86643827,Borrebyvej,207,2023-08-13 19:56:56,8920,235,1015.0
Revkah,Entwhistle,rentwhistlee9@pbs.org,93864584,Papegøjestien,135,2023-08-14 02:27:17,1664,236,3860.8
Ottilie,Crumbleholme,ocrumbleholmea8@domainmarket.com,61908943,Plovheldvej,101,2023-08-14 07:37:12,1411,237,1208.8
Bryn,Draude,bdraudepn@g.co,55742570,Niels Jensensvej,112,2023-08-14 18:36:30,1613,238,2267.9
Linda,Piborn,lpibornqg@gizmodo.com,47262324,Søndervangen,123,2023-08-14 19:23:09,1555,239,597.7
Charmain,Osband,cosbandj2@nih.gov,71624595,Holmestykket,177,2023-08-14 21:51:01,1065,240,537.5
Giles,Dodworth,gdodworth9m@deviantart.com,75441124,Karlslunde Centervej,131,2023-08-15 05:52:58,1468,241,2973.5
Pollyanna,Butterfint,pbutterfinto0@webmd.com,72357154,Kystvej,87,2023-08-16 04:28:36,7451,242,449.9
Nerti,Purle,npurler3@shutterfly.com,96082726,Broholmvej,91,2023-08-16 12:12:16,4532,243,2656.3999999999996
Codie,Casali,ccasalidq@foxnews.com,87663511,Tueholm,113,2023-08-17 03:15:10,1408,244,2051.9
Tobey,Dunkerley,tdunkerleybr@istockphoto.com,32933343,Thorbjergvej,146,2023-08-17 10:37:41,3100,245,750.5999999999999
Reina,Rooper,rroopergu@cisco.com,28912227,Engvadvej,172,2023-08-17 12:02:07,8444,246,3233.2
Llywellyn,Josefer,ljoseferrg@skyrock.com,24385431,Hedelandsvej,118,2023-08-18 18:30:19,2850,247,1495.6
Nerty,Standingford,nstandingfordgi@gizmodo.com,74186196,Kæruldvangen,94,2023-08-18 19:43:56,1066,248,84.9
Gwyn,Vinas,gvinaspe@twitpic.com,54946006,Radulfsvej,215,2023-08-19 12:09:01,1569,249,466.7
Chiarra,Mowsdill,cmowsdill4j@wordpress.com,51012081,Konkylievej,66,2023-08-19 22:33:12,1727,250,1396.8000000000002
Jesse,Davidovics,jdavidovicsoi@mlb.com,72910557,Havtornvej,4,2023-08-20 02:59:31,1419,251,4249.6
Luce,Quigley,lquigleyby@thetimes.co.uk,75060453,Akacievej,80,2023-08-20 03:27:06,7470,252,677.5
Corby,Meech,cmeech7b@imdb.com,97665682,Kastaniehaven,52,2023-08-20 07:15:29,7330,253,1273.7
Edgar,Wilsdon,ewilsdongs@cocolog-nifty.com,86116471,Lumringsbrovej,62,2023-08-20 07:58:39,1050,254,79.8
Gilberta,Copo,gcopo2k@theguardian.com,57078343,Moseager,205,2023-08-20 10:29:37,8362,255,3077.8
Lurleen,Woan,lwoan1o@infoseek.co.jp,97556098,Nældebjergvej,29,2023-08-20 15:00:28,9000,256,1012.5
Lynna,Scolland,lscollandao@goo.ne.jp,22088794,Engkær,208,2023-08-20 23:38:30,7673,257,3020.6
Orson,Fink,ofinkq9@ihg.com,30759788,Sozzivænget,176,2023-08-21 20:46:47,4581,258,616.2
Bondie,Nornasell,bnornasell46@weibo.com,34805911,Lille Solhøjvej,108,2023-08-22 13:47:13,1423,259,1996.0
Freeman,Liversedge,fliversedgeed@merriam-webster.com,34720158,Idrætsvænget,22,2023-08-23 00:25:34,1319,260,1098.0
Marinna,Antuk,mantukgo@tamu.edu,56449016,Fuglesangsvej,94,2023-08-23 12:13:16,9480,261,459.3
Jay,Pickavance,jpickavance7e@samsung.com,65735126,Torslundemaglevej,68,2023-08-23 12:55:56,1805,262,2136.3
Beverley,O'Crigan,bocrigan90@msn.com,63278518,Lundager,142,2023-08-23 21:32:20,1175,263,359.0
Winslow,McCrea,wmccreaot@wsj.com,60747746,Rugager,152,2023-08-24 10:31:16,1777,264,359.6
Jerald,Eggerton,jeggertonjp@flickr.com,38583312,Stubbevangen,83,2023-08-24 23:31:35,1155,265,84.9
Leonore,Febre,lfebrenv@ucoz.ru,61828677,Sejlmagervej,44,2023-08-26 09:22:44,1572,266,693.5
Arney,Stiller,astiller60@technorati.com,38238010,Novembervej,137,2023-08-26 14:48:29,1069,267,1716.0
Arel,Roelvink,aroelvink8p@ebay.com,76695036,Himmerlandsvej,27,2023-08-27 06:39:45,1121,268,623.8
Berty,Larrosa,blarrosa73@bravesites.com,51411708,Strandhyttevej,196,2023-08-27 16:23:04,4953,269,224.70000000000002
Remus,Richemond,rrichemond0@github.io,97952773,Kildelunden,89,2023-08-28 07:37:19,4200,270,956.0
Melosa,Benjamin,mbenjamine4@quantcast.com,52433311,Fløngvej,199,2023-08-28 23:57:58,8762,271,5812.5
Anabel,Haldene,ahaldene51@msn.com,41533490,Sydager,77,2023-08-29 02:36:21,5591,272,318.0
Hetty,Rolls,hrollsqw@cyberchimps.com,45843140,Industribuen,187,2023-08-29 06:19:00,5672,273,946.8
Remus,Bozward,rbozwardkk@amazonaws.com,25018731,Tryllevænget,80,2023-08-29 19:28:53,7950,274,3473.7
Leland,Leek,lleekf4@tripod.com,28693898,Svendebjergvej,28,2023-08-30 05:33:16,1632,275,4841.4
Edouard,Langfat,elangfatiz@ed.gov,32302710,Industridalen,95,2023-08-30 08:01:50,1116,276,2605.9
Tyler,Bourley,tbourleydg@statcounter.com,40025537,Strandengen,81,2023-08-30 08:21:36,1215,277,2327.5
Suzanna,Shiel,sshiel2s@samsung.com,59804366,Nylandsvej,227,2023-08-30 13:07:49,5800,278,582.7
Lynnelle,Copeman,lcopemanfi@themeforest.net,52424500,Strand Alle,125,2023-08-30 22:50:39,1772,279,1556.8
Linn,Alger,lalger8o@geocities.com,44204279,Carlsbergvej,71,2023-08-31 13:26:32,1463,280,3295.2
Townsend,Perks,tperks7k@cnet.com,70154336,Lyngtoften,119,2023-09-01 01:13:37,4700,281,3156.0
Virgina,Spare,vsparels@jigsy.com,86953005,Valmuestien,15,2023-09-01 04:37:13,1463,282,2613.8
Hale,Sherringham,hsherringham3@ebay.com,59667432,Vartovvej,197,2023-09-01 07:34:36,3520,283,507.8
Ciro,Whitlock,cwhitlockg7@reddit.com,87146603,Risbro,172,2023-09-02 12:01:14,1172,284,5825.200000000001
Jorge,Pritchett,jpritchett2o@csmonitor.com,40710241,Ejegårds Alle,173,2023-09-02 20:45:04,5540,285,2516.8
Vladamir,Partridge,vpartridgee5@webmd.com,71435840,Digeparken,73,2023-09-04 11:44:15,4735,286,815.8
Joey,Arsnell,jarsnellbn@uol.com.br,70573428,Stavnstrupvej,113,2023-09-04 13:35:28,7183,287,1308.9
Ange,Dowdle,adowdleof@unblog.fr,27073193,Korshøjvej,73,2023-09-05 13:42:12,5350,288,358.0
Cassius,Izod,cizodlh@youtu.be,65170421,Hasselvænget,106,2023-09-05 14:17:39,4952,289,1598.0
Loretta,Ardern,lardernc7@ucoz.ru,95572413,Bakkevænget,104,2023-09-05 17:17:38,1814,290,597.0
Melody,Drynan,mdrynandx@webmd.com,57989385,Solvang,13,2023-09-06 14:37:05,3730,291,59.9
Leighton,Dell'Abbate,ldellabbatejw@odnoklassniki.ru,22752747,Åkandevej,86,2023-09-07 07:27:52,4520,292,724.0
Iggy,Nore,inorebs@yellowpages.com,68301966,Blommehegnet,112,2023-09-07 08:28:54,9430,293,2606.2999999999997
Lenard,Brewis,lbrewiseb@wix.com,94763815,Holger Sørensensvej,185,2023-09-07 09:49:49,1749,294,2386.6
Terese,Frape,tfrapep7@shinystat.com,80583438,Multebærvænget,189,2023-09-07 10:24:12,4220,295,99.6
Garreth,Stichall,gstichall5z@blinklist.com,45133194,Degnestræde,47,2023-09-07 14:30:45,7660,296,69.9
Sigrid,Halpen,shalpenhx@ucoz.com,78023167,Blåhegnet,57,2023-09-07 17:30:18,7650,297,837.0
Odey,Brendeke,obrendekeei@163.com,35777302,Toftehaven,194,2023-09-07 21:58:56,2760,298,6360.700000000001
Sosanna,Rawsthorne,srawsthornelz@google.es,81150472,Snedkervej,91,2023-09-08 08:38:03,6230,299,2643.0
Allen,Dregan,adregan28@google.com.au,67844622,Dybendalsvej,68,2023-09-08 14:37:45,4873,300,1287.0
Addi,Billiard,abilliardlr@hatena.ne.jp,25218021,Vibesvinget,145,2023-09-08 18:45:29,1764,301,139.8
Cris,Bein,cbein3v@comcast.net,66495755,Spangen,110,2023-09-09 08:48:53,6682,302,32.9
Mischa,Berston,mberston2m@answers.com,49651481,Maglehøjtoften,102,2023-09-09 09:56:53,2930,303,304.2
Cord,Doby,cdobyoc@blog.com,46026107,Vedbyholm,22,2023-09-09 13:58:33,8723,304,3074.0
Rafa,Halhead,rhalheadck@msu.edu,69317850,Hulvejen,26,2023-09-10 02:46:07,5610,305,543.4
Boigie,Bagg,bbagg8b@mozilla.org,22748429,Solbærhaven,182,2023-09-10 10:19:33,1614,306,507.0
Esmaria,Hambidge,ehambidge77@alibaba.com,22253737,Næsbyholmsvej,155,2023-09-11 06:48:47,1774,307,29.9
Georgetta,MacCulloch,gmaccullochec@umn.edu,30546098,Kirkebroen,128,2023-09-11 17:11:32,1066,308,1538.9
Ferdie,Scandwright,fscandwrightnw@dedecms.com,45130449,Langkildevej,121,2023-09-11 21:42:55,1704,309,44.7
Roddie,Cromb,rcrombro@opera.com,29969886,Præstegårds Allé,105,2023-09-12 02:17:53,4953,310,356.4
Sybil,Lack,slack82@cdc.gov,91774293,Kløverbo,27,2023-09-12 08:58:44,9541,311,1316.8000000000002
Auberta,Eskriet,aeskrietig@noaa.gov,80137463,Litorinavej,225,2023-09-13 06:03:13,1951,312,9959.0
Ruttger,Gregol,rgregol1c@sun.com,88951790,Nordholmen,215,2023-09-13 15:07:24,1851,313,1242.9
Merrilee,Lehrian,mlehrianlg@wiley.com,95529572,Sydstjernen,38,2023-09-13 21:29:28,8783,314,26.9
Philippa,McCourt,pmccourtgm@hp.com,97982658,Tranebærvej,52,2023-09-15 01:02:30,1915,315,991.4
Peggi,Groneway,pgroneway33@phoca.cz,24114809,Abildhøj,146,2023-09-15 01:09:11,1620,316,678.2
Barbe,Cund,bcund14@google.com.au,45412196,Hf. Svarø,196,2023-09-15 06:05:29,1667,317,3438.5
Huntlee,Tamburo,htamburoi9@admin.ch,44206889,M W Gjøes Vej,137,2023-09-15 18:00:14,1210,318,699.3000000000001
Kelsi,Simco,ksimcoq6@edublogs.org,29206710,Trylleskov Allé,144,2023-09-15 18:14:29,7742,319,235.29999999999998
Adlai,Lewsy,alewsyiq@joomla.org,72014144,Mosekilen,129,2023-09-15 20:25:47,1923,320,4733.599999999999
Nadeen,Eddisforth,neddisforthc2@amazon.co.jp,34249597,Holmesøvej,162,2023-09-15 23:18:26,2942,321,1479.8000000000002
Delly,Raylton,drayltonm7@com.com,43957270,Aspegården,113,2023-09-15 23:34:59,4874,322,950.3
Ester,Phoebe,ephoebe17@chronoengine.com,89549235,Bøgehegnet,15,2023-09-16 09:58:53,2635,323,2815.0
Trudie,Boyne,tboyne1i@mayoclinic.com,57466713,Niels Christensensvej,111,2023-09-16 20:47:31,6500,324,16736.7
Maurits,Cansfield,mcansfield48@sogou.com,87614771,Næsbyholmvej,56,2023-09-17 04:54:02,3230,325,2354.9
Uri,Tue,utuek1@hubpages.com,46687155,Tybjergparken,62,2023-09-17 17:10:45,4720,326,965.0
Casandra,Kingzeth,ckingzeth7a@about.me,82081128,Ejgårdsminde,72,2023-09-18 05:00:57,8643,327,4230.3
Lynnette,Guise,lguised2@lulu.com,86877980,Ruten,46,2023-09-18 12:14:05,1553,328,1151.7
Camila,Bruckshaw,cbruckshawld@uol.com.br,32778699,Langhøjvej,18,2023-09-18 16:36:58,8560,329,5376.9
Audie,Filasov,afilasov5b@sbwire.com,87958636,Hvidovre Enghavevej,86,2023-09-20 03:15:06,4941,330,1455.4
Nikolai,Gaukrodge,ngaukrodge47@vinaora.com,81624558,Filmbyen,14,2023-09-20 06:42:20,1677,331,1317.0
Cordie,Petrushka,cpetrushkapk@wikia.com,34155181,Højenhald,224,2023-09-21 04:15:26,1729,332,489.20000000000005
Estevan,Gomes,egomesc9@bloomberg.com,37384222,Solhegnet,171,2023-09-21 08:46:04,4960,333,279.6
Marietta,Parvin,mparvin55@theguardian.com,51495758,Damsholtevej,187,2023-09-22 01:40:06,1427,334,3055.7
Waldo,Woollaston,wwoollastonfn@blogspot.com,64460787,Klintemarks Alle,102,2023-09-22 06:09:38,1615,335,3513.9
Janey,Hulke,jhulkej7@admin.ch,50327689,Klostermosen,105,2023-09-22 07:03:49,8305,336,3302.8
Merla,Epsly,mepslye0@diigo.com,50531485,Bendstrupvej,147,2023-09-22 14:39:27,4030,337,184.29999999999998
Patsy,Menure,pmenure4s@usnews.com,37541059,Sognegårds Alle,14,2023-09-23 01:59:12,3070,338,3525.3
Rozelle,MacGorley,rmacgorleyqv@noaa.gov,77943185,Tranumparken,85,2023-09-23 09:30:03,1903,339,1992.0
Howie,Kenford,hkenfordl1@dedecms.com,60322162,Veksøvej,138,2023-09-23 15:29:19,2920,340,1497.0
Dell,Skade,dskadeg3@php.net,38013684,Askevang,174,2023-09-23 15:49:52,1913,341,83.6
Chastity,Lintott,clintottge@dion.ne.jp,52445584,Brøndstræde,221,2023-09-24 09:09:53,1551,342,1388.3000000000002
Barty,Tupie,btupiebe@boston.com,98597043,Poppelhegnet,190,2023-09-24 18:54:25,4173,343,74.9
Hugues,Duinbleton,hduinbletono@51.la,57631667,Søkrogen,86,2023-09-25 01:27:04,1057,344,1542.9
Val,Bohl,vbohlqa@umich.edu,34414065,Druemarken,195,2023-09-26 08:34:29,9575,345,1601.2
Frasco,Thirkettle,fthirkettleoe@xing.com,67934872,Kalleruphaven,112,2023-09-26 14:54:04,5220,346,747.0
Lisha,Skewes,lskewes3y@cnn.com,71672825,Fasanvej,134,2023-09-26 17:29:19,6973,347,289.0
Booth,D'Orsay,bdorsayqy@goo.gl,75032581,Alvedgårdsvej,41,2023-09-26 17:31:14,1429,348,1526.7
Spenser,Naisbet,snaisbetiu@un.org,67423264,Pottemagerporten,30,2023-09-27 11:51:44,1871,349,2015.9
Fan,Presswell,fpresswellp4@slideshare.net,61514913,Vibeholms Vænge,21,2023-09-27 12:36:12,4450,350,2064.5
Ange,McAne,amcane2j@usatoday.com,44525790,Nemovej,33,2023-09-27 17:34:55,5485,351,69.9
Sloan,Rawll,srawll7q@webnode.com,33698743,Tangvej,101,2023-09-27 21:30:24,1154,352,189.0
Kipper,Saunter,ksaunterjl@ycombinator.com,78760731,Rørgangen,24,2023-09-28 06:22:49,4390,353,119.8
Giavani,Ketteringham,gketteringhammj@house.gov,72182429,Søstjernevej,162,2023-09-28 07:34:04,1429,354,3753.9
Bartholomeus,MacChaell,bmacchaellak@1und1.de,70332474,Toftevænget,55,2023-09-28 10:41:45,1614,355,4244.0
Derril,Lutsch,dlutschn8@cnet.com,46639965,Tjørnelunden,78,2023-09-29 17:42:32,2600,356,6112.0
Cy,Colicot,ccolicotqj@chronoengine.com,80954424,Koglevej,20,2023-09-30 18:12:55,7620,357,753.3000000000001
Emlyn,Luten,eluten7s@house.gov,61302404,Katrinevej,18,2023-09-30 19:37:27,5853,358,687.0
Lonni,Atcherley,latcherley22@foxnews.com,30303329,Harboørevej,188,2023-09-30 21:40:32,1454,359,1827.7
Amandi,Sellers,asellers6o@technorati.com,93957016,Christoffersvej,51,2023-10-01 02:45:42,4682,360,7285.400000000001
Charmine,Harnott,charnottad@auda.org.au,96812662,Brændmosevej,204,2023-10-01 11:30:28,1065,361,5671.9
Hermina,Dawber,hdawberw@ox.ac.uk,33224754,Kathrinebjergvej,26,2023-10-02 00:12:48,1569,362,479.4000000000001
Kyle,Goward,kgowardgq@phoca.cz,80405676,Søvangs Alle,19,2023-10-02 11:06:33,3630,363,2956.9
Pyotr,Dabney,pdabney6w@zdnet.com,58670844,Bredholtvej,97,2023-10-03 20:10:05,2980,364,2535.8
Janith,Burrill,jburrillju@goo.ne.jp,56211186,Priamos Alle,150,2023-10-05 08:13:46,5485,365,2481.0
Cos,Kinrade,ckinradef7@artisteer.com,30288877,Odins Vænge,189,2023-10-05 10:00:54,1764,366,2141.2000000000003
Gustaf,Treleven,gtreleven5t@google.nl,87582983,Søfrydsvej,147,2023-10-05 18:44:24,4874,367,1455.6
Gordan,Scudamore,gscudamoregh@discovery.com,72809124,Annebergvej,180,2023-10-05 18:55:03,1221,368,2573.0
Maryjane,Leppard,mleppard5x@trellian.com,46066884,Gudenåvej,97,2023-10-05 20:49:27,1808,369,258.0
Liana,Bunny,lbunnyhe@reuters.com,58148051,Leen I,194,2023-10-06 14:31:40,6855,370,1831.6000000000001
Erda,McQuarter,emcquarterj8@amazon.co.uk,52353437,Baldershøj,80,2023-10-06 18:35:00,6070,371,1013.4
Calli,Fassbindler,cfassbindler3p@canalblog.com,26059226,Ronæsvænget,24,2023-10-06 20:00:24,1653,372,577.7
Mureil,Giannini,mgianninigr@fda.gov,92571414,Engvangen,76,2023-10-07 06:33:17,1807,373,4852.6
Thomasina,Clyma,tclymafv@plala.or.jp,70852805,Strædet,75,2023-10-07 12:14:53,1777,374,5390.699999999999
Raymund,Ruf,rrufln@networkadvertising.org,54032458,Vårgyvelvej,181,2023-10-07 15:39:32,4990,375,479.0
Sidnee,Hehir,shehirjb@noaa.gov,56342185,Torbenfeldvej,24,2023-10-07 16:16:16,6752,376,623.5
Eirena,Sidsaff,esidsaff3u@vinaora.com,22166632,Greve Midtby Center,15,2023-10-07 18:26:04,1066,377,259.6
Fernandina,Bassingham,fbassingham3z@irs.gov,36412645,Tingsryds Alle,126,2023-10-08 06:18:56,1155,378,2719.35
Cristabel,Moverley,cmoverleycu@about.com,74350350,Stavnsbjergstien,38,2023-10-08 06:20:55,1764,379,5451.3
Melissa,Berry,mberryhk@amazon.com,32735765,Trekanten A,213,2023-10-08 11:31:00,1074,380,64.9
Joelle,Hawker,jhawkerjf@squarespace.com,68094276,Bødkerstræde,114,2023-10-08 14:31:19,8362,381,3248.4
Tyrone,Syddall,tsyddall70@imgur.com,93251637,Eriksmindevej,11,2023-10-08 15:01:28,1369,382,2084.6
Nathalie,Hastings,nhastings92@desdev.cn,39058149,Topager,168,2023-10-08 20:02:11,4480,383,1659.3
Ardisj,Addams,aaddams6g@abc.net.au,53269384,Brøndby Strand Centrum,94,2023-10-09 12:33:42,1601,384,3601.7
Timotheus,Trussler,ttrussler19@aboutads.info,81869837,Tingstenen,165,2023-10-09 20:19:13,5700,385,1199.5
Marcus,Stutt,mstutthf@163.com,66710742,Søbyvej,44,2023-10-10 01:20:20,9550,386,64.9
Licha,Iacapucci,liacapucci1b@delicious.com,49182727,Kornvalmuen,175,2023-10-10 03:18:01,4874,387,279.6
Moses,Peacop,mpeacopmo@scribd.com,62985564,A.F. Beyers Vej,148,2023-10-10 03:59:52,1126,388,1008.2
Gabie,Gery,ggery4z@squidoo.com,66246871,Kærbyholm,119,2023-10-10 09:09:32,1123,389,1038.6
Jsandye,MacTerrelly,jmacterrellyc4@sun.com,74914953,Ved Skellet,13,2023-10-10 16:34:19,4480,390,149.8
Alberta,Mollison,amollisoncm@dot.gov,44903844,Svend Aagesens Alle,143,2023-10-10 21:42:52,5863,391,2125.5
Erica,Alastair,ealastair1e@unicef.org,92075971,Egelykkeparken,206,2023-10-10 22:30:37,1319,392,2517.7
Wilie,Walsh,wwalshj9@hexun.com,45397618,Nordrupvej,189,2023-10-11 07:36:51,3100,393,688.5
Ronnie,O'Hartigan,rohartigann1@posterous.com,59121733,Sommerstien,156,2023-10-12 08:13:26,1609,394,135.0
Herculie,Edmondson,hedmondsonrm@weibo.com,54339852,Stationsholmen,130,2023-10-12 09:59:45,6320,395,1076.0
Gibbie,MacGillavery,gmacgillaverygc@mlb.com,36331505,Elmevang,225,2023-10-13 18:08:09,8340,396,758.8
Dyan,Joska,djoskad4@diigo.com,99922313,Tavlekærsvej,160,2023-10-14 04:32:14,1669,397,3096.0
Hyatt,Morena,hmorena6z@discuz.net,46822347,Grønager,113,2023-10-14 09:56:10,7361,398,3740.4
Randie,Eilert,reilertkl@wordpress.org,84072204,Digehuset,69,2023-10-14 23:49:46,1717,399,1076.0
Alyson,Lomen,alomendz@cocolog-nifty.com,21859817,Askevænget,208,2023-10-15 15:03:51,4953,400,1895.6
Mateo,Dadson,mdadsonf9@friendfeed.com,92252722,Femkanten A,35,2023-10-15 18:40:32,6630,401,1270.5
Mirna,Sorsby,msorsbygk@hubpages.com,87376352,Krogårdsvej,32,2023-10-16 03:25:17,1460,402,791.6
Coralyn,Glentworth,cglentworthmk@meetup.com,94776385,Søliljevej,214,2023-10-16 13:26:16,4895,403,7360.599999999999
Wylie,Schnitter,wschnitteref@pinterest.com,48048046,Langhusvej,173,2023-10-17 09:13:16,1401,404,805.6
Claiborne,Littrick,clittricklp@theatlantic.com,62067205,Munkekærsvej,108,2023-10-18 09:14:56,1872,405,848.5
Adah,Shorton,ashorton8z@furl.net,48731295,Mågen,58,2023-10-18 20:51:31,2100,406,124.80000000000001
Ursa,Richards,urichardst@washington.edu,52510856,Vævergangen,168,2023-10-19 02:00:09,5600,407,1884.9
Krishna,Olenchikov,kolenchikovj0@ustream.tv,41716153,Månestien,33,2023-10-19 02:04:26,4892,408,3672.0
Emmett,Ovett,eovettg6@pagesperso-orange.fr,51418964,Hirtshalsvej,148,2023-10-19 05:14:26,4291,409,1305.5
Ric,Nottingham,rnottinghaml4@pagesperso-orange.fr,97096201,Bjørnebo,193,2023-10-19 06:35:16,4070,410,545.9
Shelby,Reolfi,sreolfie@360.cn,33775745,Ved Jægerdiget,140,2023-10-19 10:06:42,1111,411,5792.0
Frederic,Di Filippo,fdifilippode@sphinn.com,63948351,Skanørgade,217,2023-10-19 14:01:33,9640,412,668.9
Mallory,Veldens,mveldensog@oakley.com,46137934,Stærkendevej,158,2023-10-19 19:30:43,1802,413,596.0
Vernon,Chesser,vchesser1z@creativecommons.org,84992138,Rønnebækengen,88,2023-10-19 22:12:57,1115,414,4037.0
Wenona,Chicken,wchickenfr@intel.com,36246367,Cordozasvinget,13,2023-10-20 02:13:07,1917,415,44.7
Maximilianus,Hinstock,mhinstockrb@smh.com.au,66657746,Holmestien,87,2023-10-21 06:14:51,4173,416,139.8
Aleece,Founds,afoundsp6@so-net.ne.jp,30938829,Egeskovvej,150,2023-10-21 10:14:21,5620,417,4217.6
Lin,Cecchi,lcecchiem@symantec.com,54802941,Sporstræde,51,2023-10-21 13:58:36,1106,418,79.8
Candide,Blanch,cblanchmf@mlb.com,27400492,Engvænget,206,2023-10-21 22:11:11,1754,419,1301.8000000000002
Fancie,Scotchmur,fscotchmuriy@chron.com,39335614,Tyttebærkæret,225,2023-10-22 01:13:19,1862,420,2492.7
Ludwig,Hain,lhaincd@imdb.com,42924866,Birkendevej,45,2023-10-22 01:29:55,1054,421,1627.8
Jami,Housiaux,jhousiauxmz@tamu.edu,32866648,Dønnergårds Alle,146,2023-10-22 10:36:01,1719,422,164.7
Wes,Hilling,whillingb4@ifeng.com,26257957,Catherine Boothsvej,108,2023-10-23 05:41:21,4874,423,507.8
Minerva,Buttwell,mbuttwell5i@mozilla.com,52969156,Karetmagerporten,86,2023-10-23 14:58:48,1650,424,1993.8
Sybyl,Caskie,scaskie3r@cisco.com,39293991,Bjerggården,57,2023-10-23 19:28:58,6670,425,657.0
Clevey,Klaassens,cklaassensga@foxnews.com,50553896,Kadetvej,145,2023-10-24 00:40:59,4173,426,2671.9
Foss,Portam,fportam3t@friendfeed.com,26371309,Dansvej,183,2023-10-24 02:53:51,1354,427,2316.0
Christabella,Cheales,cchealesne@apple.com,77893040,Tårnholmsvej,153,2023-10-24 03:10:34,8544,428,619.7
Andra,Tuting,atutinge1@bandcamp.com,37752708,Willumsens Alle,88,2023-10-24 05:11:41,1617,429,4124.4
Britt,Watkinson,bwatkinsonmw@github.io,44598395,Hedeland,170,2023-10-24 17:40:53,4920,430,1231.9
Rosalind,Goldwater,rgoldwaterob@ibm.com,22178865,Kærstykkevej,114,2023-10-25 21:18:14,4592,431,503.40000000000003
Crystie,Godsell,cgodsellrk@sphinn.com,72188317,Møllebakken,30,2023-10-26 05:31:42,1301,432,1230.9
Bill,McGrah,bmcgrah7u@blogger.com,77372927,Havfruens Kvarter,169,2023-10-27 04:03:10,5871,433,2576.6
Gilberta,Jervis,gjervis4x@instagram.com,27562179,Hanstholmvej,196,2023-10-27 11:03:34,8961,434,448.8
Maxy,Chastey,mchastey7p@constantcontact.com,56163133,Ildvænget,28,2023-10-27 18:56:13,1560,435,454.29999999999995
Desmund,Farncomb,dfarncombke@quantcast.com,72680369,Grannsvej,25,2023-10-28 03:19:40,6230,436,699.0
Romeo,Draycott,rdraycott9k@uol.com.br,99449561,Pligtgårdsvej,110,2023-10-28 08:41:39,1622,437,387.0
Lilli,Olech,lolech59@plala.or.jp,67000412,Kongstedvej,137,2023-10-29 06:23:38,2650,438,379.70000000000005
Beryle,Alesbrook,balesbrookh8@so-net.ne.jp,57754628,Syrenen,163,2023-10-29 07:06:56,4862,439,5257.9
Roxy,Brinkley,rbrinkleylx@rakuten.co.jp,89869526,Mæglergårdsvej,220,2023-10-29 12:46:26,6760,440,3569.9
Justinian,Bassom,jbassomh5@rambler.ru,59970185,Poppellunden,169,2023-10-29 15:00:58,1411,441,314.6
Merilee,Baruch,mbaruch8c@themeforest.net,49005411,Engstrupvej,195,2023-10-30 02:05:16,9981,442,1020.5
Norry,Stanney,nstanney7t@wunderground.com,70040074,Muldås,45,2023-10-30 07:54:28,5474,443,345.3
Xavier,Coning,xconingaf@about.me,41172326,Hjørnagervej,107,2023-10-30 09:04:30,4690,444,458.0
Robyn,Tunmore,rtunmoreq5@gizmodo.com,67925439,Sortebærvej,17,2023-10-30 22:07:53,4130,445,1445.6
Nikki,Parnham,nparnhammq@jiathis.com,94691418,Hvidovre Kirkeplads,152,2023-10-31 15:36:40,4060,446,578.6
Shela,Blucher,sbluchergf@canalblog.com,39698099,Nøddebovej,19,2023-10-31 19:21:58,3520,447,1314.4
Ginevra,Rounding,groundingo1@noaa.gov,87631435,Egeparken,102,2023-10-31 19:27:05,4900,448,1473.6
Hi,Woodier,hwoodier8g@vinaora.com,57757291,I G Smiths Alle,11,2023-11-01 12:17:24,4735,449,6530.9
Maddie,Rowbrey,mrowbreyer@jugem.jp,57055120,Gængehaven,208,2023-11-01 20:02:03,1152,450,540.2
Avivah,Hamblyn,ahamblyn39@ning.com,44577761,Byvangen,94,2023-11-01 21:56:29,7741,451,716.5999999999999
Matti,Redolfi,mredolficg@nhs.uk,27742387,Dalvangen,191,2023-11-02 11:07:28,1758,452,1375.1999999999998
Elnore,Rodriguez,erodriguezfl@skype.com,77223868,Vildtbanevej,137,2023-11-02 17:08:32,5610,453,3165.7
Mignonne,Yankishin,myankishinor@huffingtonpost.com,32818299,Stengavl,32,2023-11-02 18:32:31,1829,454,4030.2999999999997
Codie,Chalfont,cchalfontmi@barnesandnoble.com,98335041,Brobyvej,107,2023-11-02 21:09:32,1750,455,4647.0
Doretta,Trulock,dtrulock4m@buzzfeed.com,23520000,Engstrandstien,90,2023-11-02 23:57:07,6683,456,5182.599999999999
Evan,Klemke,eklemkeaz@myspace.com,77417374,Agervej,176,2023-11-03 04:58:53,4682,457,5373.599999999999
Mendel,Balazin,mbalazinqp@bloglines.com,83983130,Cottagevej,47,2023-11-04 00:29:40,8355,458,1616.0
Tessa,Spendlove,tspendlove5u@ucsd.edu,39144761,Knudsvej,31,2023-11-04 05:42:42,5762,459,1156.0
Boycey,Gaiter,bgaiternp@privacy.gov.au,66734721,Hedelyhaven,111,2023-11-04 15:37:10,2950,460,459.3
Jilli,Manford,jmanfordr9@yahoo.com,35119465,Baunebakkevej,218,2023-11-04 17:52:15,5932,461,394.20000000000005
Janifer,Wabb,jwabbb6@microsoft.com,90891610,Cikoriegade,51,2023-11-05 01:02:52,5700,462,898.0
Renard,Camus,rcamus9b@go.com,43622272,Vallensbæk Havn,70,2023-11-05 03:26:41,1451,463,568.8
Ruthi,Buxton,rbuxton2x@time.com,40023522,Flasken,152,2023-11-05 15:17:07,6470,464,6811.6
Seward,Hacker,shackerc6@github.com,74864661,Svend Gønges Vej,181,2023-11-06 03:47:03,7700,465,1651.0000000000002
Bill,Kenforth,bkenforthio@youtu.be,49187738,Tværås,168,2023-11-06 10:19:29,8592,466,1311.0
Calvin,Gooderick,cgooderickco@ebay.com,82316590,Korskildelund,171,2023-11-07 15:19:07,1862,467,129.8
Marjie,Mogey,mmogey5p@chron.com,62090625,Smedeengen,98,2023-11-07 23:37:24,2730,468,7379.6
Idell,Buss,ibuss89@hp.com,95016837,Gåseurtvej,135,2023-11-08 01:32:20,5871,469,785.7
Ailis,Wailes,awailes7j@nature.com,26427091,Østerlidevej,113,2023-11-09 07:33:01,1264,470,369.6
Corey,Bethell,cbethellhw@indiatimes.com,51173649,Skovbo Alle,129,2023-11-09 22:18:32,1711,471,539.3
Conny,Smalman,csmalman41@bing.com,53829990,Kærgårdsvej,44,2023-11-10 04:38:56,1876,472,3299.1000000000004
Coop,Pelcheur,cpelcheur4w@blinklist.com,53579710,Engholm Alle,187,2023-11-10 09:06:21,1413,473,2568.8
Bartholomeus,Pigny,bpignypg@mediafire.com,26325750,Lilleager,184,2023-11-10 21:25:31,1710,474,594.1
Lizzy,Allans,lallansql@taobao.com,48752028,Kettehøjstien,191,2023-11-10 21:49:39,8654,475,1258.0
Stafani,Ormerod,sormerodc1@amazon.co.jp,41502047,Arkaderne,136,2023-11-11 00:52:59,1112,476,469.40000000000003
Karia,Farrand,kfarrand13@edublogs.org,55472971,Højagervænget,221,2023-11-11 16:33:36,1560,477,4512.8
Missy,Wickson,mwicksongx@un.org,74135500,Hyttevej,149,2023-11-11 19:07:43,4220,478,1654.0
Giraud,Rayson,graysong8@wordpress.org,93474465,Skolebakken,201,2023-11-12 09:48:17,1318,479,1210.8
Katrina,Emanuelov,kemanuelov8i@wp.com,34698177,Perronen,95,2023-11-12 22:44:47,7130,480,1964.7
Margarete,Sweedland,msweedlandjn@eventbrite.com,61635960,Strandhavevej,132,2023-11-13 00:31:54,1562,481,807.0
Martguerita,Verson,mverson86@zdnet.com,31195710,Tangloppen,122,2023-11-13 02:11:46,2900,482,956.5
Daveen,Steljes,dsteljes3f@joomla.org,81610048,Strandløbervej,147,2023-11-13 03:02:07,1967,483,590.6
Rodolfo,Ketteringham,rketteringham4d@adobe.com,61498857,Bybjerg,63,2023-11-13 05:21:12,8240,484,259.5
Immanuel,Bather,ibather8@storify.com,28756811,Faksingevej,139,2023-11-13 05:30:07,1157,485,646.7
Crosby,Jenyns,cjenyns8u@reference.com,53910281,Møllevej,156,2023-11-13 21:18:15,6094,486,2550.5
Link,David,ldavidk3@fc2.com,47118915,Allesøvej,219,2023-11-14 01:27:24,1450,487,1198.6
Loreen,Borton,lbortondv@mac.com,41759505,P. Mortensens Vej,124,2023-11-14 18:38:34,6320,488,476.0
Cirilo,Fewlass,cfewlassb0@topsy.com,91987614,Islevhusvej,117,2023-11-14 20:18:45,1871,489,804.7
Saxe,Kluge,sklugeey@marketwatch.com,49227605,Ankermandsvej,54,2023-11-15 03:21:19,8361,490,663.7
Jsandye,Kernar,jkernarny@amazon.co.jp,97489823,Grænsevej,1,2023-11-16 05:54:39,6690,491,656.8
Ingelbert,Body,ibodynu@upenn.edu,43575163,Kirsebærhegnet,158,2023-11-16 09:25:32,1617,492,4586.1
Dania,Dawidsohn,ddawidsohnop@reference.com,53940019,Rebslagerporten,133,2023-11-16 11:16:32,1651,493,976.6
Waldo,Rey,wreypl@usa.gov,73370756,Jutemarken,167,2023-11-16 16:55:06,1325,494,1742.3999999999999
Adelaida,Easey,aeaseykz@ifeng.com,85455948,Sommerdalen,52,2023-11-16 17:22:46,9430,495,59.7
Tades,Warlaw,twarlawna@miitbeian.gov.cn,43575818,Adolf Andersensvej,81,2023-11-17 07:25:30,9800,496,3802.5
Maddy,Grinin,mgrinin5v@vimeo.com,63460363,Bag Kirken,63,2023-11-17 13:06:54,1567,497,93.8
Saul,Davio,sdavio2y@dyndns.org,74792733,Vesterløkken,90,2023-11-17 20:12:14,1472,498,1335.5
Nevin,Jedrzejewski,njedrzejewskik4@photobucket.com,67461823,Kuglens Kvarter,22,2023-11-18 15:20:14,1410,499,54.9
Beverie,Gear,bgearim@ezinearticles.com,79909069,Ventrupvej,58,2023-11-18 16:56:15,3100,500,2408.7
Armando,Cattach,acattachpz@google.fr,42165375,Vængeleddet,24,2023-11-18 21:09:52,2900,501,1115.0
Berty,Pettipher,bpettipherpu@marriott.com,75331319,Åsager,200,2023-11-18 23:55:54,6541,502,269.70000000000005
Eba,Pogson,epogson3h@yahoo.com,88573813,Hf. Kettehøj,34,2023-11-19 06:28:36,6720,503,1044.0
Eadmund,Kornilyev,ekornilyevg5@godaddy.com,50801377,Lille Strandvænget,207,2023-11-19 10:41:08,1563,504,910.35
Annissa,Aubrey,aaubrey7l@google.com.br,65558021,Fasanvangen,11,2023-11-19 10:50:49,4174,505,348.7
Zarla,Kellough,zkelloughe6@diigo.com,56605107,Kagsmosesti,159,2023-11-19 13:23:56,1413,506,2944.8
Edyth,Giabuzzi,egiabuzzi1p@github.io,54598267,Arnold Nielsens Boulevard,206,2023-11-19 16:51:58,4241,507,1498.0
Giffy,Iacobassi,giacobassim4@instagram.com,34644741,Godsparken,102,2023-11-19 20:49:34,1324,508,1154.7
Waly,Calcraft,wcalcraftqs@tripod.com,57222737,Spanager,69,2023-11-20 13:23:02,4791,509,359.6
Maryanne,Judron,mjudronhq@alibaba.com,88159675,Skelvej,51,2023-11-20 13:49:10,1160,510,204.70000000000002
Cos,Ashpital,cashpitaljy@behance.net,31620553,Bøgelunden,90,2023-11-20 18:51:59,8210,511,2039.8
Cyndi,Duchart,cduchartas@dell.com,78510276,Bjergagervej,217,2023-11-21 14:34:44,3740,512,1673.3
Oberon,Bestwick,obestwick5s@youtu.be,78483459,Dansborgstien,53,2023-11-21 16:11:10,7190,513,1456.0
Davide,Gunnell,dgunnelldf@state.tx.us,31684685,Tranedalen,47,2023-11-21 16:49:04,7730,514,610.4
Johnna,Eastmond,jeastmondg4@cpanel.net,22895924,Klovtoftegade,202,2023-11-22 06:29:18,7130,515,69.9
Yehudit,Gadault,ygadault6r@tumblr.com,72790883,Charlotte Amalies Kvarter,133,2023-11-22 17:40:40,4640,516,2926.5499999999997
Cary,Hallard,challard4t@indiatimes.com,24467605,Daruplund,20,2023-11-22 18:59:08,4780,517,1572.6
Amelie,Draycott,adraycottpv@usatoday.com,83441033,Ishøj Nørregade,224,2023-11-22 19:17:30,4573,518,1586.9
Carroll,Willford,cwillford8w@wunderground.com,40058844,Rishøjvej,14,2023-11-23 07:26:51,8653,519,398.0
Alard,Frape,afrapeqk@hatena.ne.jp,86427420,Karlslundevej,138,2023-11-23 08:22:59,5464,520,2952.6
Hank,Tabbitt,htabbittmu@ihg.com,62373570,Bonkesvej,219,2023-11-23 12:52:09,1300,521,1225.6
Cordula,Tibbs,ctibbsan@etsy.com,52045036,Blåfuglestræde,172,2023-11-23 22:45:56,1954,522,1916.0
Gabriello,Straine,gstraine4k@slashdot.org,73655943,Geiavej,193,2023-11-24 02:14:05,9640,523,473.29999999999995
Marna,Taggerty,mtaggertygz@nature.com,65186079,Løvmosen,119,2023-11-24 03:00:30,6372,524,507.0
Jesse,Caulcutt,jcaulcutt5a@springer.com,28048942,Agertoften,59,2023-11-24 18:25:05,9500,525,4416.9
Shelley,O'dell,sodell2a@cornell.edu,64790457,Letland Alle,89,2023-11-25 07:50:23,1129,526,1174.0
Pepillo,Poynter,ppoynterbb@sciencedaily.com,44525201,Rudbølvej,201,2023-11-25 13:14:40,9260,527,438.5
Wilek,Larrington,wlarringtonox@cbc.ca,58877670,Stationsager,66,2023-11-25 13:15:10,1350,528,79.8
Ryon,Gasnell,rgasnelliw@reverbnation.com,53909326,Navergangen,127,2023-11-25 13:44:50,8766,529,1275.4
Vittorio,Withull,vwithulldi@odnoklassniki.ru,74267210,Lindevænget,11,2023-11-25 15:58:45,2750,530,898.8
Billye,Riddich,briddichm0@printfriendly.com,31081093,Brorsonsvej,71,2023-11-25 17:03:51,2610,531,2844.0
Rayner,Iacovozzo,riacovozzoks@examiner.com,74936334,Mølleholmen,97,2023-11-25 17:47:49,1756,532,1341.0
Aloin,Bolin,abolini@go.com,36526563,Stenborgvej,227,2023-11-27 19:37:13,6210,533,1900.5
Lewie,Cars,lcarsy@ebay.com,58963084,Dybenskærvej,85,2023-11-27 22:14:06,4520,534,698.0
Finley,Glew,fglewj1@earthlink.net,80213278,Nymarksvej,83,2023-11-28 13:27:55,1350,535,3115.6
Brady,Oakenford,boakenfordnn@live.com,53005141,Lilleholm,49,2023-11-28 18:19:08,5500,536,754.4000000000001
Patty,Woodfine,pwoodfineh4@cloudflare.com,53894189,Sølvpoppelvej,106,2023-11-28 22:31:01,1739,537,763.8
Lebbie,Nixon,lnixonq3@meetup.com,58240300,Huginsvej,7,2023-11-29 12:10:01,6852,538,832.2
Flori,Candlin,fcandlina0@g.co,92102639,Sparresholmvej,139,2023-11-30 04:37:50,3360,539,696.0
Kirsti,Waddams,kwaddamscp@mediafire.com,46883344,Linnés Alle,165,2023-11-30 11:11:44,2800,540,1876.0
Noel,Leguay,nleguay2z@themeforest.net,44756524,Kallerupgade,226,2023-12-01 00:52:46,1316,541,73.8
Dwayne,Luckman,dluckmandw@statcounter.com,92463668,Lindelunden,160,2023-12-01 03:46:33,1550,542,733.9000000000001
Westley,Arne,warneh9@miibeian.gov.cn,46991900,Svanholmvej,64,2023-12-01 07:33:51,4070,543,826.6
Devondra,Fewtrell,dfewtrella1@webeden.co.uk,65072577,Georg Hansens Ager,130,2023-12-01 18:16:17,6392,544,1094.9
Colline,Buckbee,cbuckbee9a@clickbank.net,80261740,Bogenæsvej,139,2023-12-01 21:45:03,1259,545,524.3000000000001
Xever,Brian,xbrian24@apple.com,33326565,Søvangen,49,2023-12-02 07:09:06,1127,546,3663.5000000000005
Cchaddie,Bustin,cbustin36@techcrunch.com,91392177,Markblomstvej,148,2023-12-02 08:34:48,8544,547,516.0
Ammamaria,Shiel,ashiel4f@quantcast.com,59734203,Brogrenen,191,2023-12-02 23:37:45,6622,548,1634.3
Elisha,McGow,emcgow5o@mlb.com,58614094,Søagervej,191,2023-12-03 04:33:08,8961,549,343.70000000000005
Nickie,Giraudel,ngiraudel57@ifeng.com,45636745,Johannesvej,8,2023-12-03 08:18:18,1121,550,290.0
Wright,Muskett,wmuskettcv@devhub.com,80468422,Sadelmagerporten,130,2023-12-04 07:16:02,8362,551,1745.8
Jacquenette,Merrin,jmerrink8@php.net,24261209,Koralvej,26,2023-12-05 07:19:10,8831,552,5714.0
Aharon,Chismon,achismon9u@ca.gov,48063838,Peyronsvej,82,2023-12-05 10:48:09,4174,553,1689.9
Cosetta,Hanniger,channigereu@infoseek.co.jp,64224212,Håndværkervænget,220,2023-12-05 18:15:29,1921,554,305.9
Graeme,Stodhart,gstodhart3k@nps.gov,83046074,Højstensvej,101,2023-12-05 23:07:26,1403,555,2486.6
Hamnet,Kliement,hkliementq1@irs.gov,25341129,Toften,185,2023-12-06 15:50:37,6851,556,149.8
Reyna,Galer,rgalerd6@360.cn,89789078,Bøgstedvej,97,2023-12-07 09:16:02,4735,557,9341.0
Erik,Ruvel,eruvel6j@mozilla.com,27996675,Ny Mæglergårds Allé,137,2023-12-07 21:27:34,8721,558,319.09999999999997
Cassi,Brason,cbrason9x@comsenz.com,78092321,Holmelundsvej,108,2023-12-08 02:28:56,6900,559,389.0
Wright,Allington,wallington6p@usgs.gov,88140445,Præstemosen,43,2023-12-08 16:31:45,6760,560,1727.8
Deva,Shury,dshury81@histats.com,43493771,Lysholmsvej,133,2023-12-09 04:05:34,2300,561,474.0999999999999
Olag,McBryde,omcbryde6f@t.co,94844602,Hinbjerg,191,2023-12-10 19:04:59,8723,562,357.0
Munroe,Mussilli,mmussilli1n@wisc.edu,83463280,Jydeholmen,53,2023-12-11 02:20:01,5474,563,269.5
Dore,Sumpner,dsumpnermh@fastcompany.com,94809817,Idrætsvej,31,2023-12-11 16:40:16,1871,564,334.29999999999995
Tommie,McHale,tmchaleax@bloglines.com,57480252,Egelykkevej,125,2023-12-11 20:10:07,1208,565,3640.1
Mareah,McCard,mmccard1s@google.ca,59561169,Ellevangen,128,2023-12-12 14:10:37,1908,566,1962.0
Dosi,Harbord,dharbord1@quantcast.com,43470140,Carolinehaven,46,2023-12-12 20:33:54,1204,567,987.9
Flint,Carss,fcarssfs@cisco.com,31136095,Vadsbyvej,215,2023-12-13 23:48:18,1864,568,888.6
Bride,Pavinese,bpavinese6k@upenn.edu,34048658,Jens Nielsens Vej,227,2023-12-14 07:56:14,1110,569,4049.7
Alli,Attow,aattow12@csmonitor.com,78473899,Køge Bugt Alle,210,2023-12-14 12:28:10,1060,570,2019.8
Fidole,Utley,futleyqf@cargocollective.com,23949872,Spanagervej,138,2023-12-14 15:21:36,7742,571,1396.0
Ramsay,Dumbare,rdumbare6l@cbc.ca,88539931,Jersie Kystvej,38,2023-12-15 02:32:39,8381,572,134.7
Bastien,Vanini,bvanini1x@jalbum.net,78625819,Bredekærs Vænge,228,2023-12-15 21:15:27,1433,573,2055.0
Edee,Brigdale,ebrigdale6b@istockphoto.com,81043739,Skolevangen,201,2023-12-16 11:05:07,6740,574,129.8
Candida,Skilton,cskiltonha@addthis.com,61855599,Bommen,25,2023-12-16 11:37:47,9510,575,119.6
Gardner,Dearden,gdearden8a@e-recht24.de,22899853,Cypressen,62,2023-12-17 05:29:49,8940,576,776.0
Marigold,Stogill,mstogillcn@sogou.com,27104690,Påskestien,94,2023-12-17 14:27:10,6560,577,1122.8000000000002
Bat,Marchment,bmarchment1v@bloglines.com,21598589,Spolestræde,113,2023-12-17 16:57:44,7490,578,2186.9
Joellen,Wedderburn,jwedderburnng@quantcast.com,41212151,Tryllesløjfen,13,2023-12-17 23:19:45,1067,579,714.4
Tootsie,Duffie,tduffie91@cdc.gov,81037540,Valmuemarken,135,2023-12-18 19:46:52,6280,580,555.8
Elsworth,Iacapucci,eiacapuccikq@com.com,50266146,Kanalholmen,106,2023-12-18 23:26:02,7140,581,359.5
Dell,McAughtry,dmcaughtryi5@yellowpages.com,27219607,Æblerosevej,213,2023-12-19 10:45:00,2750,582,798.8000000000001
Betta,Roggero,broggerog1@reverbnation.com,74509955,Klintelundsvej,134,2023-12-19 12:56:39,7560,583,1065.0
Crystie,Bickerdike,cbickerdikeal@ning.com,74398013,Vallensbæk Stationstorv,45,2023-12-19 15:58:26,9681,584,825.9
Damita,Vedntyev,dvedntyev1q@home.pl,98757040,Yderholmvej,14,2023-12-19 21:00:37,8766,585,254.70000000000002
Cammy,Middlemist,cmiddlemistbq@list-manage.com,67302313,Randtoftevej,6,2023-12-20 01:12:08,1208,586,823.9
Dieter,Casey,dcaseya3@weebly.com,28123385,Thorshøjvej,210,2023-12-20 03:43:44,6261,587,64.9
Etienne,Byres,ebyresfg@cnn.com,62384863,Lillemosevej,96,2023-12-20 13:36:34,3360,588,1265.8
Domenic,Foxten,dfoxtenqc@timesonline.co.uk,78049437,Strandvangsvej,21,2023-12-21 13:07:08,2830,589,1433.5
Gaston,Frichley,gfrichleyav@cdc.gov,56998329,Rønholtsvej,226,2023-12-22 01:19:29,6270,590,2276.3999999999996
Sauveur,Gurko,sgurkord@amazon.co.uk,62393468,C E Carlsensvej,193,2023-12-22 06:37:19,3000,591,1380.6000000000001
Doy,Beamish,dbeamishlw@npr.org,68346517,Gammeltoftevej,3,2023-12-23 06:30:41,8240,592,1076.6
Freddie,Toupe,ftoupe2g@networksolutions.com,77614692,Rammsvej,144,2023-12-23 15:08:24,1732,593,9519.5
Haily,Probyn,hprobyn2h@lycos.com,33527281,Toftholmsvej,40,2023-12-24 10:58:44,7120,594,699.9
Nico,Burlingame,nburlingamejq@hostgator.com,33837731,Maglemosevej,211,2023-12-24 15:33:06,1260,595,509.1
Roshelle,Stuehmeyer,rstuehmeyerhr@msu.edu,97506480,Fyrrehegnet,46,2023-12-25 00:56:30,6650,596,14.9
Carlyle,Stormouth,cstormouthkc@bloglines.com,84519207,Lerchenborgvej,64,2023-12-25 06:17:55,4560,597,1180.7
Merill,McIan,mmcian4y@walmart.com,45822327,Strandporten,84,2023-12-25 07:19:01,1921,598,1918.5
Wanda,Gillease,wgilleaseoh@newyorker.com,66728416,Svend Grates Vej,90,2023-12-25 18:59:56,5854,599,3446.4
Norry,Balasini,nbalasiniet@biglobe.ne.jp,57265113,Akacieparken,76,2023-12-25 21:51:42,1259,600,4852.0
Amandie,Wharrier,awharrier7g@webeden.co.uk,49641405,M Bechs Alle,221,2023-12-26 05:16:40,1675,601,1356.8
Conrado,Gilstoun,cgilstoun79@washington.edu,83476276,Dalhuset,67,2023-12-27 08:59:53,1056,602,646.6999999999999
Jade,Standish-Brooks,jstandishbrooksee@oaic.gov.au,30185301,Dalvænget,216,2023-12-27 14:53:07,1416,603,69.8
Gavin,Calterone,gcalteronee3@cnet.com,86303764,Rønnevej,74,2023-12-27 15:47:58,5210,604,1075.6
Jonathan,Barmadier,jbarmadierl5@about.com,80845069,Elektronvej,214,2023-12-28 21:10:07,4913,605,300.3
Alwin,Jennaway,ajennaway5@bloglovin.com,54453976,Hedelunden,99,2023-12-29 03:47:13,1165,606,59.8
Zondra,Broune,zbroune6m@vkontakte.ru,67144194,Strandskadevej,205,2023-12-29 07:56:00,1355,607,682.7
Zondra,Headey,zheadeyn6@canalblog.com,64197075,Egedal,165,2023-12-29 16:13:49,8763,608,658.0
Wilfred,Martensen,wmartenseno7@hatena.ne.jp,49985317,Pilesvinget,196,2023-12-30 10:22:36,1310,609,1958.1999999999998
Lovell,Bentz,lbentze8@kickstarter.com,21984035,Gørtlerporten,91,2023-12-31 07:26:44,2605,610,3553.6
Toni,Cussins,tcussinsnf@seesaa.net,36608098,Brunellevangen,89,2023-12-31 08:07:04,1803,611,498.9
Kinsley,Antoni,kantonili@tinyurl.com,27902829,Bymuren,218,2023-12-31 23:01:54,1567,612,819.3
Davey,Blees,dblees94@digg.com,69025143,Lemviggade,228,2024-01-01 07:06:12,3250,613,669.0
Querida,Bohman,qbohman3m@1und1.de,71535595,Grevevej,10,2024-01-01 09:08:00,2700,614,2080.6
Wesley,Lemmers,wlemmers4i@artisteer.com,56261354,Silervej,46,2024-01-01 16:05:01,8620,615,431.1
Bevin,Whittaker,bwhittaker9n@berkeley.edu,31421860,Cirklen E,125,2024-01-03 00:34:51,7323,616,5738.0
Tull,Ruusa,truusaa7@symantec.com,75148365,Porsdam,85,2024-01-03 11:28:36,7200,617,747.0
Gilbert,Degoix,gdegoixhl@goo.ne.jp,81500106,Holmevej,200,2024-01-03 14:02:34,9670,618,1457.5
Kalle,Howard - Gater,khowardgaterx@jimdo.com,88900235,Spurvehøjvej,117,2024-01-03 19:07:23,1322,619,1615.6
Jody,Dunston,jdunston71@flickr.com,80514424,Torbenfeldtvej,199,2024-01-04 01:10:27,2690,620,1350.3000000000002
Lee,Trunby,ltrunbyr8@auda.org.au,62466988,Rosenlyparken,91,2024-01-04 15:27:02,2860,621,316.3
Valida,Sorrie,vsorriejv@cornell.edu,29906647,Mosede Strandvej,98,2024-01-06 12:32:50,1260,622,1673.0
Elsy,Kenlin,ekenlinnr@sun.com,70493162,Centerstrøget,208,2024-01-06 22:45:18,1850,623,976.8
Alvie,Rolph,arolphoo@indiegogo.com,95079531,Hundigegårdsvej,225,2024-01-07 18:25:44,1856,624,1076.0
Nora,Kelle,nkelle6s@ted.com,94185048,Vestre Ibsvej,195,2024-01-07 20:48:21,5200,625,2243.4
Brynna,Barttrum,bbarttrums@usnews.com,68403102,Skolevænget,28,2024-01-08 11:54:30,1900,626,897.8
Celia,Topling,ctopling8h@sphinn.com,32754122,Hedevej,102,2024-01-08 22:42:45,1853,627,5186.0
Urbanus,Chase,uchaseiv@ted.com,68495286,Stigårdsvej,44,2024-01-09 00:02:35,5200,628,965.6
Mellisa,Blackley,mblackleyil@simplemachines.org,53627482,Kobbelvænget,92,2024-01-09 03:38:13,8520,629,1273.8
Nicole,Kitchinghan,nkitchinghanom@paginegialle.it,87951493,Risholmen,92,2024-01-09 07:20:36,1553,630,459.0
Renaud,Lettson,rlettson93@bandcamp.com,33307842,Fritidshaven,206,2024-01-09 08:11:52,3070,631,1081.2
Mattie,Semor,msemorhz@shutterfly.com,83450556,Aktæons Alle,107,2024-01-09 10:48:45,1951,632,1159.7
Toinette,Aylen,taylen25@tumblr.com,47624296,Lundehusvænget,174,2024-01-09 19:09:53,6980,633,5335.200000000001
Di,Bruun,dbruunpd@google.com.hk,28083831,Ørnebo,205,2024-01-09 20:12:19,1926,634,2007.0
Andrea,Rouke,aroukegb@timesonline.co.uk,43711895,Johannevej,107,2024-01-10 20:07:30,1650,635,849.0
Thaddus,Egginson,tegginson6v@smh.com.au,56785235,Dalsvinget,173,2024-01-11 03:12:09,1709,636,1856.1000000000001
Fran,Langrick,flangrickic@homestead.com,50023613,Holmeås,110,2024-01-11 06:23:34,1301,637,1193.4
Suzie,Zmitrichenko,szmitrichenko2b@creativecommons.org,77316066,Astersvej,5,2024-01-11 07:49:11,1750,638,1109.8
Hillery,Luttgert,hluttgertct@discuz.net,73364028,Tranebakken,96,2024-01-11 20:14:19,1810,639,1230.6
Gwenore,Shire,gshirenm@wsj.com,44010999,Gråbynkevej,46,2024-01-12 11:28:57,1966,640,6311.499999999999
Cheri,Kittles,ckittlesma@com.com,60478287,Agergårdshaven,165,2024-01-12 13:14:31,2300,641,4347.0
Gorden,Masterton,gmasterton83@addtoany.com,56233482,Strandgården,213,2024-01-13 02:19:13,1368,642,867.3
Thorvald,Houseley,thouseleyje@earthlink.net,92730018,Dybendal Alle,176,2024-01-13 05:07:22,1753,643,1407.0
Crista,Easterby,ceasterbyev@ebay.co.uk,34604817,Brostykkevej,118,2024-01-13 05:18:45,1606,644,1146.9
Lucas,Kinkaid,lkinkaidbh@about.com,77336909,Ole Rømers Vej,44,2024-01-13 14:05:36,1072,645,4896.6
Kayle,Wyllis,kwyllis2n@studiopress.com,24362771,Solgavl,166,2024-01-14 16:07:37,5491,646,1695.8
Kira,Hamnet,khamnet2i@umn.edu,31118395,Hjørnet,190,2024-01-14 17:14:34,7980,647,1398.0
Cynthea,Sancho,csanchoeo@joomla.org,78683559,Østergårdsvej,156,2024-01-14 17:26:12,1267,648,9116.6
Brok,Walbrun,bwalbruncr@tuttocitta.it,83640452,Blåbærlunden,118,2024-01-14 23:36:33,8260,649,2063.7
Tootsie,Lawson,tlawsonbl@ihg.com,41401094,Tulipanmarken,61,2024-01-15 18:30:55,1316,650,3631.8
Maddie,Benne,mbennehb@wp.com,65200431,Jens Frobergsvej,15,2024-01-16 17:23:40,1624,651,633.9
Kyle,Cowlam,kcowlam78@imdb.com,40175436,Rørager,38,2024-01-16 22:18:12,3790,652,1230.6000000000001
Ewan,Escale,eescale3q@ezinearticles.com,93266943,Husum Vænge,48,2024-01-17 18:00:50,1951,653,3607.7
Quinn,D'Agostino,qdagostinogn@miitbeian.gov.cn,48810390,Vestre Lyng,83,2024-01-17 20:33:09,1557,654,824.5999999999999
Rowney,Wrenn,rwrennr6@nifty.com,28052520,Høvedstensvej,125,2024-01-17 21:50:35,2200,655,1819.3000000000002
Kristofer,Hutley,khutley8m@illinois.edu,89301818,Sandbygårdvej,84,2024-01-18 03:14:42,4800,656,1457.9
Rubi,Methley,rmethley6d@cnn.com,72159573,Valbo Alle,62,2024-01-18 22:42:06,8350,657,376.9
Juanita,Burrass,jburrass1r@sitemeter.com,29209740,Homers Alle,210,2024-01-19 06:10:59,1172,658,541.6999999999999
Felipe,Nusche,fnuscheaq@ocn.ne.jp,92747059,Lille Strandvej,13,2024-01-20 06:20:42,8940,659,259.6
Darius,Denes,ddenescl@tinypic.com,58075008,Strandgårds Alle,230,2024-01-21 16:06:44,1619,660,3463.8
Carrol,Neylan,cneylan6h@timesonline.co.uk,85387267,Murskeen,212,2024-01-21 16:36:26,1663,661,973.8
Forbes,Dyter,fdyter8f@mashable.com,77578486,Kappelev Landevej,196,2024-01-21 19:31:18,5965,662,945.9
Lazar,Borris,lborrisja@shop-pro.jp,82550867,Frydenstrands Alle,26,2024-01-22 06:43:03,1402,663,795.8
Misti,Gotmann,mgotmannoq@drupal.org,36144735,Fyrrekrattet,93,2024-01-22 22:56:41,4772,664,4990.0
Jeremie,Pavlenkov,jpavlenkovrp@dot.gov,96408036,Kallerupvej,56,2024-01-24 00:04:03,3520,665,1423.3
Amelie,Riggoll,ariggollbj@google.pl,34844620,Nurdugsvej,181,2024-01-24 01:21:11,1873,666,1785.0
Mair,McQueen,mmcqueen4c@bbb.org,56197732,Klintholmvej,68,2024-01-24 04:36:18,3751,667,89.69999999999999
Iosep,Osant,iosant1l@vinaora.com,63858828,Pilemøllevej,185,2024-01-24 10:48:59,1371,668,29.9
Beniamino,Chree,bchree5y@list-manage.com,79723632,Haslevgade,32,2024-01-24 18:57:37,5642,669,379.6
Rorke,Pettet,rpettethi@bigcartel.com,92213147,Smørblomststien,58,2024-01-24 19:30:30,1868,670,2024.6
Amby,Ather,aather3s@flavors.me,57955451,Skrædderpladsen,5,2024-01-24 19:49:55,1253,671,1083.7
Dianna,MacIan,dmacian49@ihg.com,22540095,Valseholmen,230,2024-01-27 08:32:22,1563,672,6707.5
Craig,Adame,cadame9z@house.gov,84780223,Vallensbæk Havnevej,148,2024-01-27 15:46:39,6862,673,563.7
Lucius,Stowgill,lstowgillkr@zimbio.com,36572124,Bytoften,144,2024-01-27 19:04:11,1353,674,1364.6
Gabie,Cawcutt,gcawcuttmn@alexa.com,40535982,Østre Lagunevej,37,2024-01-28 02:11:24,2750,675,1442.7
Atalanta,Madre,amadrep2@ucoz.com,85518601,Sønderled,147,2024-01-28 03:30:34,1757,676,99.9
Esteban,Pimer,epimer6q@umich.edu,66097394,Grønholtvej,220,2024-01-28 10:49:51,4683,677,6029.0
Batholomew,Huxham,bhuxham5n@marriott.com,91429478,Bag Bakkerne,108,2024-01-28 21:01:52,1656,678,1256.3
Phaedra,Byfield,pbyfield8l@nhs.uk,30485805,Bygårdstræde,128,2024-01-28 21:45:33,9460,679,1177.6
Alanson,Cominello,acominelloam@chicagotribune.com,68188575,Søndre Bæktoften,146,2024-01-29 15:00:31,3790,680,786.35
Daphne,Della,ddella69@flickr.com,54837882,Kærhaven,34,2024-01-29 17:18:00,1557,681,187.6
Reggie,Pietesch,rpieteschqo@harvard.edu,53572021,Ørumvej,220,2024-01-30 12:45:45,1174,682,3416.1
Reeva,Meriot,rmeriotew@aboutads.info,26779552,Antvorskovvej,1,2024-01-30 13:19:05,1806,683,498.0
Carlo,Gorden,cgordenn3@hibu.com,49281662,Strandmarksvej,91,2024-01-30 18:12:22,4470,684,6486.7
Dene,Limrick,dlimrickcf@businessinsider.com,46588072,Strandparksvej,12,2024-01-30 18:25:44,5240,685,3573.9
Stephana,Perschke,sperschkepc@ed.gov,95600007,Olsbæklund,162,2024-01-30 19:37:54,7323,686,1820.3
Evan,Spaunton,espauntonc8@purevolume.com,85993494,Fægtesalsvej,194,2024-01-31 07:21:27,1130,687,1598.0
Nevil,Tomley,ntomley99@goo.ne.jp,77697407,Rønnebærkæret,170,2024-01-31 08:57:39,1353,688,1337.9
Boone,Leborgne,bleborgne9f@ted.com,29857806,Avedøre Slettevej,52,2024-01-31 16:47:16,4171,689,1916.0
Glenn,Craxford,gcraxfordkx@mapy.cz,47682179,Ferringvej,80,2024-01-31 20:21:31,4571,690,383.5
Gianna,Daine,gdainej3@ameblo.jp,32954110,Albjergparken,61,2024-02-01 17:13:25,1759,691,1437.9
Lyman,Skirving,lskirvingbo@linkedin.com,58293245,Enigheds Allé,20,2024-02-01 18:13:43,4621,692,549.3000000000001
Hobie,Ridewood,hridewoodg@bigcartel.com,54388237,Gårdtoftevej,179,2024-02-01 18:51:30,1619,693,318.70000000000005
Brocky,Mellows,bmellowsh3@google.ca,41606455,Toftegårdsvej,52,2024-02-03 00:16:12,1437,694,1277.0
Hervey,Jillett,hjillettbk@edublogs.org,28122996,Bredekær,155,2024-02-03 12:58:00,1612,695,2731.8
Zed,Burghill,zburghillpw@cbc.ca,41447304,Frydensvej,139,2024-02-04 00:43:15,8330,696,322.4
Rafe,Ramsdell,rramsdell1y@tamu.edu,92706158,Hvidtjørnevej,51,2024-02-04 07:51:47,1751,697,519.2
Kassandra,De Lascy,kdelascy2d@paginegialle.it,86983974,Baldersvej,181,2024-02-04 10:08:56,6630,698,1596.0
Alexandrina,Habin,ahabinm2@fc2.com,34514015,Mosede Kærvej,72,2024-02-04 22:43:54,7323,699,1303.6000000000001
Roseann,Tsar,rtsar4v@smh.com.au,35169889,Tårnhusstræde,132,2024-02-06 01:41:15,1657,700,89.0
Boote,Tredgold,btredgoldpi@cdbaby.com,92903652,Hvidovre Boulevard,56,2024-02-06 10:12:40,9541,701,4082.7
Joanie,Checcucci,jcheccuccigp@sphinn.com,50809980,Alstedvej,168,2024-02-07 01:58:49,7870,702,3642.7
Rudolf,Moston,rmoston8d@cpanel.net,34188491,Gadehavegårdsvej,112,2024-02-07 05:06:26,4241,703,29.9
Lou,Eddisforth,leddisforthh0@gizmodo.com,92097049,Stenstykkevej,134,2024-02-07 08:53:10,1771,704,946.7
Fred,Weepers,fweepersbg@yellowpages.com,51993455,Jægervangen,178,2024-02-07 11:07:36,1734,705,854.0
Evelyn,Douty,edoutyl2@hatena.ne.jp,42349921,Kongemarksvej,96,2024-02-07 13:41:03,9340,706,774.1
Drusilla,Skews,dskews7o@woothemes.com,50586422,Tværskovvej,21,2024-02-07 13:42:24,6771,707,2334.7
Nanny,Brooker,nbrooker9l@hexun.com,34562981,Hirseager,190,2024-02-07 16:07:18,4871,708,1195.0
Aloisia,Lanaway,alanaway35@stanford.edu,86948089,Rødvig Alle,206,2024-02-07 21:57:07,9000,709,179.7
Roslyn,Sickling,rsickling3b@bravesites.com,84882629,Aspevej,166,2024-02-08 00:54:28,1920,710,4003.0
Brooke,Gloster,bglosteru@fastcompany.com,28187573,Rebæk Alle,52,2024-02-08 06:01:03,3320,711,243.7
Gates,Puddifer,gpuddiferl7@wp.com,35414831,Brøndvej,21,2024-02-08 06:15:43,4440,712,2870.7
Merrili,Baudry,mbaudry1f@unesco.org,22280980,Sonjas Alle,217,2024-02-08 07:14:51,8721,713,3453.7
Byrann,Colten,bcolten2e@last.fm,93066252,Ventrupparken,117,2024-02-08 23:43:41,4470,714,714.7
Gwyneth,Jammet,gjammethv@google.pl,48009114,Søhesten,40,2024-02-09 04:41:28,1805,715,607.5
Kile,Gaythwaite,kgaythwaitech@smugmug.com,66042656,Parkstykket,73,2024-02-09 06:31:31,2860,716,129.8
Ambrosius,O'Sheerin,aosheerinr2@usa.gov,89737313,Solsikkevej,149,2024-02-09 14:51:26,5350,717,299.5
Lanita,Trenoweth,ltrenoweth10@barnesandnoble.com,98179604,Skovbominde,34,2024-02-09 16:13:24,2635,718,3455.6
Brnaba,Fishbourne,bfishbourneoj@marketwatch.com,71120652,Reerslevvej,5,2024-02-09 21:31:07,1924,719,1353.6
Ardene,Venes,avenesa6@va.gov,98905917,Skjørrings Vænge,224,2024-02-10 09:00:35,1738,720,536.7
Selma,Peperell,speperellkm@myspace.com,27741103,Stentoftevej,56,2024-02-10 18:01:49,3600,721,805.0
Anetta,MacLese,amacleserl@godaddy.com,33698574,Skråningen,128,2024-02-11 02:20:52,4180,722,798.0
Hertha,Desouza,hdesouzara@vistaprint.com,30641952,Olsbækhave,48,2024-02-11 04:54:01,1950,723,2140.8
Mariam,Liddington,mliddingtonkd@amazon.com,60975908,Axel Meiersvej,221,2024-02-11 05:25:07,1316,724,3892.0
Raddy,Grinyakin,rgrinyakinaw@creativecommons.org,41606097,Hovedporten,207,2024-02-11 08:25:53,1750,725,135.0
Flory,Cross,fcrossdh@usa.gov,37202867,Sørupvej,133,2024-02-11 09:12:23,4953,726,2589.1
Enid,Goublier,egoublierep@ucsd.edu,93269396,Kalkstræde,72,2024-02-11 18:06:35,1663,727,4334.2
Abbye,Dell 'Orto,adellortof1@sbwire.com,93806128,Åbjergvej,184,2024-02-12 06:28:53,6210,728,1762.7
Johnette,Casillas,jcasillask2@photobucket.com,29656030,Hundige Alle,129,2024-02-12 17:53:35,6320,729,2020.3
Arlina,Nettles,anettlesf0@baidu.com,91401071,Herslevvej,90,2024-02-12 20:07:17,6840,730,1315.4
Dyna,Willcox,dwillcoxff@mashable.com,46556157,Vestre Frihedsvej,38,2024-02-12 21:18:24,4736,731,1587.7
Cecil,Schild,cschildko@whitehouse.gov,72018171,Vestre Drosselvej,79,2024-02-13 04:52:18,8370,732,6032.0
Dore,Elland,dellandku@people.com.cn,78070531,Kellermanns Allé,88,2024-02-13 05:52:56,7570,733,1058.7
Griz,Pietruszewicz,gpietruszewiczqb@loc.gov,26605018,Ørnekærs Vænge,8,2024-02-13 20:47:45,8250,734,1558.6
Avril,Godmer,agodmerf8@smugmug.com,65904670,Sydholmen,31,2024-02-14 12:54:15,9310,735,516.9
Jeannine,Frounks,jfrounks31@cnbc.com,81171402,Håbets Allé,50,2024-02-14 17:32:27,9000,736,553.45
Sloane,Izhakov,sizhakovb1@chicagotribune.com,31612905,Fyrrevænget,33,2024-02-15 00:47:11,4573,737,3128.8
Arri,Bransgrove,abransgrovefj@yellowbook.com,86430752,Stendam,14,2024-02-15 02:01:44,1426,738,494.0
Foster,Yanyushkin,fyanyushkinl@examiner.com,31328066,Rosendalsvej,153,2024-02-15 11:48:16,2960,739,1077.9
Elvin,D'Ugo,edugops@harvard.edu,47979518,Parcelvej,19,2024-02-15 18:59:18,6230,740,1689.9
Prentice,Pennigar,ppennigar9q@tripod.com,22925439,Hasselhegnet,84,2024-02-15 22:06:26,6510,741,3381.0
Barris,Skeete,bskeeteod@over-blog.com,50250492,Tingstedparken,144,2024-02-16 10:34:09,1169,742,69.9
Sherwood,Moden,smoden5e@artisteer.com,51974882,Korskildeeng,46,2024-02-16 21:12:07,6000,743,691.6999999999999
Deina,Tenwick,dtenwick6x@mozilla.com,41945952,Skovpibervej,47,2024-02-17 02:07:58,3630,744,1596.0
Coralyn,Gunton,cgunton8y@forbes.com,63415403,Stationsstien,137,2024-02-17 09:26:08,7620,745,899.0
Aurelea,Cropton,acroptonrf@salon.com,33808434,Truelshøj,228,2024-02-17 23:36:04,1131,746,577.8
Marcia,Samwell,msamwellnl@xrea.com,47500681,Haveforen. Bakkevej,124,2024-02-18 17:13:35,8330,747,676.0
Prentice,Carles,pcarlesk7@geocities.jp,79406537,Pagteroldvej,193,2024-02-18 19:02:07,3790,748,420.0
Ursulina,Hacket,uhacketlc@quantcast.com,42040892,Yttesensvej,153,2024-02-19 08:44:03,4920,749,736.8
Devland,Rekes,drekesa@aboutads.info,36003263,Skelgårds Vænge,116,2024-02-19 16:45:36,1850,750,458.0
Lew,Perassi,lperassiho@soundcloud.com,91484021,Fjenneslevvej,93,2024-02-19 20:30:20,1158,751,926.3000000000001
Goldi,Sacaze,gsacazeih@google.com.hk,66709332,Margrethe Alle,113,2024-02-19 23:22:54,9320,752,1087.0
Teirtza,Schulter,tschulter74@networkadvertising.org,94705758,Grønnehøj,215,2024-02-20 04:54:06,4760,753,2264.8
Tallia,Pierse,tpierseia@phoca.cz,61200434,Krogen,198,2024-02-20 23:00:13,3050,754,5004.5
Forster,Williment,fwillimentf2@myspace.com,60446896,Sandbakken,51,2024-02-21 05:07:22,8781,755,1117.0
Merle,Luparti,mluparti4h@exblog.jp,32677760,Kløvervangen,140,2024-02-21 14:12:39,5602,756,3689.9
Quinn,Skade,qskadedt@cnet.com,29448437,Søjlegården,81,2024-02-21 15:43:35,7742,757,1817.9
Davidde,Caudelier,dcaudelierml@squidoo.com,88951388,Sletteager,90,2024-02-21 23:09:03,7830,758,1194.7
Alameda,MacDaid,amacdaidi7@acquirethisname.com,31926947,Nestors Alle,98,2024-02-22 05:29:17,7884,759,1148.6
Ruben,Lipson,rlipson2@over-blog.com,96695595,Christian Sørensens Alle,196,2024-02-22 09:49:14,8660,760,504.20000000000005
Delmar,Beadell,dbeadell8t@bbb.org,96029775,Victorias Kvarter,22,2024-02-22 16:21:59,1864,761,234.7
Maurits,Phifer,mphiferg0@redcross.org,61622971,Mønstedsvej,92,2024-02-24 15:15:27,5220,762,1223.7
Aron,Crowhurst,acrowhurst7y@zimbio.com,88390255,Grankoglestien,171,2024-02-25 03:04:03,4874,763,2068.5
Eadith,Danniell,edanniellq4@newyorker.com,42953455,Stenbuen,108,2024-02-25 06:06:24,1960,764,2458.0
Arlette,Kinkead,akinkead1k@woothemes.com,35638728,Dysseager,146,2024-02-25 18:53:34,6270,765,345.40000000000003
Dennet,Wardesworth,dwardesworthfb@google.com,43404120,Svanholm Alle,17,2024-02-25 20:51:43,5631,766,2395.0
Clovis,Deery,cdeery80@apple.com,33177112,Bøgevænget,199,2024-02-25 23:58:56,7752,767,379.4
Angele,Martinie,amartinie9g@va.gov,60840042,Bonderupvej,79,2024-02-26 06:12:20,4060,768,1514.5
Thedric,Jurgenson,tjurgenson96@friendfeed.com,72133928,Gildbrostien,55,2024-02-26 19:34:57,1729,769,298.0
Edgardo,Brockie,ebrockie87@devhub.com,72331987,Hedekæret,173,2024-02-27 10:30:50,9800,770,9751.6
Nerti,Baggot,nbaggotr5@alibaba.com,60897115,Freyas Kvarter,142,2024-02-28 17:48:26,6094,771,3134.7
Rheba,Laban,rlabann@free.fr,44569330,Kløverager,98,2024-02-28 21:02:46,8330,772,1238.7
Rozina,Bewfield,rbewfieldm1@admin.ch,28962311,Beldringevej,135,2024-02-29 05:59:02,1665,773,597.0
Ibby,Willcocks,iwillcocksar@mozilla.org,83109305,Avedøre Enghavevej,211,2024-03-01 06:57:31,1159,774,1057.4
Tish,Yea,tyea3n@sun.com,46560354,Grøftehuset,203,2024-03-02 23:20:49,1616,775,2816.7
Margarethe,Metcalf,mmetcalfqe@latimes.com,35980833,Præstekærvej,191,2024-03-03 13:33:47,1171,776,1345.8
Jecho,Knipe,jknipe61@vk.com,57029839,Klardam,161,2024-03-03 14:36:33,7760,777,416.30000000000007
Lita,Billson,lbillson4b@etsy.com,44668315,Sivstien,49,2024-03-03 18:44:52,1352,778,906.6
Cherrita,Matissoff,cmatissofffd@google.nl,63833161,Karlslunde Rasteplads,29,2024-03-04 00:16:17,5320,779,129.8
Mandy,Goodright,mgoodrightqz@1und1.de,87541568,Løvenborgvej,170,2024-03-04 11:45:43,4792,780,278.0
Benedikta,Gandar,bgandarni@spotify.com,81053692,Gjersdalsvej,122,2024-03-04 16:29:47,4891,781,1713.6
Wylie,Cossom,wcossom5q@jigsy.com,79166977,Tune Landevej,105,2024-03-04 23:44:24,7760,782,207.9
Olenolin,Easby,oeasbybi@scientificamerican.com,72530798,Højgårdstoften,5,2024-03-05 02:12:23,7323,783,135.0
Tamas,Godier,tgodierp@gravatar.com,63980715,Tulipanen,60,2024-03-05 08:06:43,1129,784,1145.7
Micah,O'Brallaghan,mobrallaghanpf@google.nl,56203127,Bakkeager,97,2024-03-05 20:06:17,1437,785,59.9
Ronnica,Dressel,rdresseljz@baidu.com,67551090,Kløvermarken,5,2024-03-06 05:17:55,1219,786,2392.6
Marc,Dyzart,mdyzarthg@cloudflare.com,66186236,Mandholmen,21,2024-03-06 08:30:15,7130,787,280.4
Teriann,Slowly,tslowlyon@istockphoto.com,76179905,Egemarkevej,91,2024-03-06 11:21:13,1455,788,129.5
Abbye,Frankiewicz,afrankiewiczay@businessweek.com,27774732,Løvvej,60,2024-03-06 14:26:10,1759,789,1333.9
Leila,Browncey,lbrowncey1u@uiuc.edu,94209508,Granagervej,148,2024-03-06 15:02:25,9381,790,379.5
Emelen,Jencken,ejenckendc@home.pl,72674814,Arnesvej,183,2024-03-07 02:14:32,4572,791,1043.6
Yehudit,Gregori,ygregori23@wikimedia.org,80324665,Horseager,37,2024-03-07 04:13:29,1820,792,499.40000000000003
Jerrilyn,Shenfish,jshenfishlq@163.com,64694448,Femagervej,55,2024-03-07 17:13:09,1614,793,3607.6000000000004
Devondra,Dear,ddeari2@ustream.tv,27902922,Kalkværksvej,20,2024-03-07 22:49:35,6280,794,1102.1
Harriott,Grainger,hgrainger38@flavors.me,44032185,Vingegavl,181,2024-03-08 00:20:56,2000,795,1321.9
Janaya,Bewly,jbewly2q@ebay.com,63194253,Zeus Boulevard,224,2024-03-08 09:03:06,1221,796,954.0
Cointon,Soulsby,csoulsbycy@hud.gov,80991240,Fredensbovej,230,2024-03-08 10:53:03,1611,797,464.40000000000003
Daphna,Game,dgamerr@addthis.com,75229370,Torpstien,6,2024-03-08 19:02:55,8260,798,552.6999999999999
Lorrayne,Greim,lgreimie@princeton.edu,52628897,Fakkelvænget,189,2024-03-08 20:36:52,1657,799,1412.9
Garwood,Kirton,gkirtonhy@plala.or.jp,97142257,Parallelvej,72,2024-03-09 01:20:55,1720,800,717.0
Masha,Skaid,mskaidr0@sphinn.com,99118894,Broenge,42,2024-03-09 02:38:34,5772,801,239.6
Clemente,Symmers,csymmersix@jalbum.net,35210852,Fabriksvej,60,2024-03-09 03:00:10,2840,802,1045.6
Ekaterina,Wyon,ewyon95@xinhuanet.com,62135448,Årøjel,11,2024-03-09 13:36:19,1619,803,348.8
Ferrel,Slym,fslym6n@multiply.com,85670037,Søholmvej,99,2024-03-09 18:01:31,7790,804,419.40000000000003
Morse,Lawling,mlawlinggl@theatlantic.com,40905368,Spaden C,210,2024-03-09 22:37:35,1053,805,554.8
Sara,Coytes,scoytes7d@forbes.com,28140373,Gammelsøhøj,176,2024-03-11 02:27:24,1434,806,1326.5
Tanitansy,Ingram,tingram27@foxnews.com,98989757,Højstrupparken,136,2024-03-11 06:54:23,1172,807,9067.9
Tiphanie,Aindriu,taindriu2v@biblegateway.com,53502924,Blåhusvej,135,2024-03-11 10:41:40,1657,808,875.9
Eziechiele,Hanvey,ehanveyz@go.com,86583204,Stenmøllen,202,2024-03-11 13:13:54,1175,809,1613.1999999999998
Hervey,Beaver,hbeaver3j@java.com,59472450,Engpibervej,214,2024-03-11 14:18:39,1665,810,827.3
Louie,South,lsouthcz@amazon.de,96813481,Fasanskellet,146,2024-03-11 19:10:42,1129,811,164.7
Corri,Lazenbury,clazenburybz@posterous.com,26343297,Hastings Alle,162,2024-03-11 23:55:08,8963,812,1764.7
Alaric,Langdon,alangdoncj@usa.gov,56389254,Agerbækvej,33,2024-03-12 07:09:32,4243,813,444.79999999999995
Falito,Burge,fburgeah@buzzfeed.com,55213104,Kildebrønde Landevej,230,2024-03-12 13:25:16,6893,814,119.6
Crysta,Morhall,cmorhall1t@friendfeed.com,23947737,Rørhaven,168,2024-03-12 18:54:43,1658,815,2414.0
Rancell,Grzelczyk,rgrzelczykjm@skyrock.com,92973369,Heimdals Kvarter,57,2024-03-13 13:02:44,9575,816,2980.5
Berti,Garralts,bgarraltsaj@yelp.com,76494807,Monsunvej,80,2024-03-13 23:26:38,4030,817,110.69999999999999
Andeee,Kohlerman,akohlermangw@forbes.com,50985450,Gaunøvej,74,2024-03-14 02:05:18,1651,818,1390.9
Cart,Spicer,cspicer1w@hubpages.com,88069214,Ægirs Kvarter,117,2024-03-14 10:03:20,1777,819,670.95
Maryellen,Casillis,mcasillis2f@moonfruit.com,48245745,Sættergården,42,2024-03-14 11:33:57,8581,820,1764.7
Courtenay,Wastell,cwastellka@nymag.com,60269370,Helenas Alle,96,2024-03-14 14:15:25,4350,821,3542.6
Morgana,Redwall,mredwallpa@pagesperso-orange.fr,97021334,Matrosvej,135,2024-03-15 10:19:08,8723,822,1177.6
Reynolds,Elsay,relsayhc@prweb.com,21880903,Jersie Solvænge,7,2024-03-15 20:23:40,5603,823,139.8
Jessey,O'Hear,johearpp@nifty.com,92054292,Dryadevej,77,2024-03-16 02:00:13,1624,824,5260.9
Nicolle,Barnewell,nbarnewell9d@creativecommons.org,57955739,Winthersmindevej,147,2024-03-16 07:23:53,1974,825,1017.3000000000001
Ellis,Raison,eraisonv@cbc.ca,73111910,Viften,62,2024-03-16 12:56:52,4180,826,1229.9
Berky,Faunch,bfaunch43@mysql.com,77075634,Ærtebjergstien,196,2024-03-17 13:43:25,8832,827,1790.1
Ezmeralda,Schafer,eschaferdy@reddit.com,59527911,Keglens Kvarter,99,2024-03-18 01:17:52,6052,828,712.7
Fergus,Falconer,ffalconer7r@last.fm,84500722,Lodsvej,218,2024-03-18 05:43:25,1165,829,3702.7
Ignatius,MacMechan,imacmechan2c@reference.com,44535389,Tureby Alle,86,2024-03-19 14:42:46,6052,830,802.7
Jud,Landy,jlandy5r@biglobe.ne.jp,40149508,Skibsbyggervej,180,2024-03-19 18:38:50,6092,831,567.8
Ellyn,Andrioni,eandrioni97@amazon.co.jp,43417185,Pedersvej,37,2024-03-19 21:10:33,1218,832,173.4
Essy,Huffadine,ehuffadinept@tinypic.com,55620705,Fyrrelunden,166,2024-03-20 00:52:44,6040,833,2610.7
Etti,Odeson,eodesoni8@who.int,81387148,Skovbovej,82,2024-03-20 00:57:43,4945,834,4490.8
Oralia,Gyngyll,ogyngyll6c@dropbox.com,80638047,Gurrelund,221,2024-03-20 03:27:28,3460,835,4624.8
Edie,Mathonnet,emathonneti0@friendfeed.com,40839966,Engstrupgårdsvej,203,2024-03-20 10:57:14,1160,836,1396.0
Thorin,Twinbrow,ttwinbrow9o@cloudflare.com,40343280,Storegårdsvej,213,2024-03-21 11:34:50,4990,837,1626.0
Jami,Petrasek,jpetrasekdu@earthlink.net,58799539,Kyhnsvej,72,2024-03-21 18:52:37,1618,838,3052.0
Gordy,Donovan,gdonovand7@studiopress.com,77163720,Passagen,69,2024-03-22 02:44:23,1409,839,1890.5
Keslie,Antonioni,kantonioni9p@taobao.com,65965657,Ræveholmsvej,128,2024-03-22 03:40:30,2765,840,415.3
Karine,Tumulty,ktumulty3x@fema.gov,64843655,Strandgårdssvinget,147,2024-03-22 08:12:43,1677,841,678.0
Grantley,Petheridge,gpetheridgef@disqus.com,74360903,Brødmosen,178,2024-03-22 11:37:02,1124,842,687.0
Hilton,Hugnot,hhugnot50@nature.com,74722998,Voldfløjen,225,2024-03-23 22:52:55,1104,843,1333.7
Simmonds,Leahy,sleahyoz@t-online.de,82606585,Søvej,171,2024-03-24 00:58:33,7173,844,1310.5
Quinta,Vauls,qvaulspb@cocolog-nifty.com,49962625,Møllevænget,151,2024-03-24 15:20:51,6650,845,254.70000000000002
Jaymie,Whatham,jwhatham65@rediff.com,48973376,Mølleskovvej,91,2024-03-24 22:10:34,1465,846,139.8
Catha,Ferras,cferrashu@addtoany.com,58909505,Kærupvej,115,2024-03-25 14:14:55,6851,847,3446.7
Joli,Kmiec,jkmiech2@nymag.com,82794726,Stenløsevej,138,2024-03-25 16:10:41,1872,848,3255.9
Cleo,Mueller,cmuellerl9@freewebs.com,99906130,Svanemosen,64,2024-03-25 18:39:33,8570,849,797.6
Drusi,Skip,dskip7z@taobao.com,86609440,Krobækvej,203,2024-03-26 06:01:55,2800,850,1065.8
Robby,Somner,rsomner9e@wikimedia.org,43000007,Bastebjerg,9,2024-03-26 09:53:21,1056,851,6693.0
Natala,Crossfield,ncrossfieldnc@theguardian.com,68304910,Bårsevej,16,2024-03-26 17:00:03,5935,852,59.6
Hortense,O'Loinn,holoinnnk@wikia.com,85507304,Kurprinsens Kvarter,212,2024-03-27 03:42:54,7884,853,179.8
Marcel,Brose,mbrosej@epa.gov,50909417,Kaffehaven,160,2024-03-27 14:11:36,1314,854,1353.0
Trip,O'Doherty,todoherty15@plala.or.jp,99249135,Klitrosevænget,107,2024-03-27 21:40:18,6760,855,468.6
Garreth,Wines,gwinesfa@ucsd.edu,48774075,Åvendingen,83,2024-03-28 11:21:24,2765,856,425.40000000000003
Stephannie,Peckham,speckham9r@163.com,29853972,Lille Engvej,204,2024-03-28 12:43:22,1665,857,299.70000000000005
Nick,Kippax,nkippaxip@loc.gov,92033367,Vildandevej,60,2024-03-29 09:34:57,1761,858,5522.6
Darrel,Witherow,dwitherowqt@jugem.jp,97980027,Barfredsvej,38,2024-03-29 12:22:41,1670,859,4014.8
Antin,Andree,aandree7w@vkontakte.ru,61087192,Kildebrøndevej,57,2024-03-30 06:05:29,1219,860,4105.9
Clarita,Dilawey,cdilaweyrh@eepurl.com,78219396,Lerbjergvej,24,2024-03-30 07:03:15,9640,861,3131.6
Daron,Geerdts,dgeerdtskb@netvibes.com,40213508,Ved Stationen,118,2024-03-30 08:24:18,4242,862,1295.5
Cristi,Facey,cfaceyp0@devhub.com,40835625,Græsmarken,107,2024-03-30 11:19:33,4200,863,871.7
Bernadina,Sail,bsailm@sogou.com,53408245,Ulfsborgvej,178,2024-03-30 23:13:56,3720,864,1726.7
Agathe,Bremley,abremleyae@telegraph.co.uk,53144552,Engstykkevej,144,2024-03-31 08:52:19,1214,865,3637.9
Dilly,Sheavills,dsheavillshh@icio.us,26513803,Frøhaven,156,2024-03-31 09:37:38,1123,866,3086.4
Kristel,Hairyes,khairyeshp@noaa.gov,93571970,Smedeholmen,97,2024-03-31 12:29:35,8592,867,1585.8999999999999
Malchy,Yakob,myakobh@businesswire.com,88790903,Boghvedemarken,196,2024-03-31 15:31:09,4140,868,299.6
Tamas,Markus,tmarkush6@cbsnews.com,33158329,Bådsmandsvej,170,2024-04-01 14:28:57,1720,869,706.9
Zollie,Platt,zplatt8n@newyorker.com,41254853,Porsvej,51,2024-04-03 01:29:21,8700,870,897.0
Meredeth,Pickance,mpickance16@ning.com,37143715,Ålykkevej,177,2024-04-03 06:42:45,9982,871,119.6
Annis,Bessant,abessantek@mlb.com,32278855,Lindeholmen,221,2024-04-03 11:48:43,4261,872,696.1000000000001
Carmita,Richten,crichten29@opera.com,34491652,Ved Bygården,9,2024-04-03 19:15:30,1950,873,254.60000000000002
Nerti,MacDaid,nmacdaidjd@so-net.ne.jp,31864138,Elmelyparken,220,2024-04-04 01:04:45,4140,874,1133.8
Bern,Bouts,bboutsfp@home.pl,44253380,Enghusene,162,2024-04-04 07:49:07,1967,875,8774.6
Lyell,Kenwell,lkenwelljt@princeton.edu,47652355,Hyttesvinget,201,2024-04-05 08:09:21,1621,876,259.6
Rozalie,Berrington,rberrington4n@narod.ru,87554359,Ulstrupvej,34,2024-04-05 08:09:31,5000,877,109.8
Eldon,Probart,eprobart6u@flavors.me,68206879,Pilevangen,193,2024-04-05 15:56:57,9520,878,751.9000000000001
Cassandra,Reinhart,creinhart1m@elegantthemes.com,81306799,Birkeengen,61,2024-04-05 23:24:50,4945,879,1466.3
Hilliary,Blackwell,hblackwellk6@paypal.com,38655891,Paradis Allé,93,2024-04-06 02:22:57,1809,880,708.2
Eziechiele,Mapledoore,emapledooreqh@bing.com,61473614,Søen,162,2024-04-06 06:34:25,1359,881,1940.7
Red,Korting,rkortingpo@hostgator.com,81807533,Hf. Dahlia,8,2024-04-06 15:52:04,1557,882,4053.7000000000003
Nero,McAteer,nmcateerfk@nymag.com,68387413,Højvænget,200,2024-04-07 00:17:43,1811,883,1395.6
Kaitlyn,Glidder,kglidderkj@blinklist.com,75252373,Rafteager,84,2024-04-07 06:55:32,1153,884,597.0
Phyllis,Southward,psouthward11@wsj.com,47507509,Børglumvej,173,2024-04-07 11:55:39,1160,885,6707.6
Humfrey,Learoid,hlearoido4@domainmarket.com,95726105,N Bonavents Alle,199,2024-04-07 13:56:47,8963,886,3420.0
Godfrey,Frill,gfrill5d@liveinternet.ru,49123867,Egevang,205,2024-04-08 14:27:52,9830,887,2116.0
Lynne,Ivchenko,livchenkoqn@unblog.fr,22200378,Hesselbjergvej,229,2024-04-08 18:15:45,1865,888,964.5
Winfield,Ransfield,wransfieldap@sphinn.com,68619563,Bøllemosevej,105,2024-04-09 01:51:25,1863,889,618.8
Karel,Showalter,kshowalter3g@meetup.com,76600314,Digeager,2,2024-04-09 06:19:15,1621,890,3415.7
Pernell,Sturgis,psturgisp8@mayoclinic.com,96009083,Bregnebo,145,2024-04-09 09:19:28,1624,891,139.0
Brandtr,Hasser,bhassero5@google.de,55039912,Piledamsvej,39,2024-04-09 11:26:23,1220,892,2041.0
Willem,Morrish,wmorrish56@rambler.ru,68202231,Brøndager,96,2024-04-10 04:53:26,1312,893,1713.0
Marquita,Daenen,mdaenenri@phpbb.com,55472982,Krathuset,99,2024-04-10 04:56:34,1663,894,1276.3
Lishe,Sugge,lsuggeoy@amazon.de,30075394,Asminderødvej,118,2024-04-11 01:40:51,6535,895,1496.5
Jerrie,Lucy,jlucyn5@cisco.com,61297520,Klovborgvej,22,2024-04-11 05:52:35,1363,896,199.0
Glynn,Jopson,gjopsonjh@amazon.co.jp,51125763,Brønshøjholms Allé,117,2024-04-11 06:21:31,8920,897,2214.2
Quincey,Wermerling,qwermerlingp5@reverbnation.com,52197706,Freysvej,62,2024-04-11 09:04:20,1867,898,1618.7
Kristel,Lezemore,klezemore3c@upenn.edu,52578588,Thurebyholmvej,55,2024-04-11 13:35:36,9970,899,1227.2
Ajay,Lammerding,alammerdingik@jiathis.com,88612088,Vadsbystræde,24,2024-04-11 17:57:23,1819,900,625.9
Carroll,Stockow,cstockowms@liveinternet.ru,87670576,Smedebanken,103,2024-04-11 23:58:11,6093,901,389.7
Derk,Tamlett,dtamlett18@europa.eu,75301351,William Boothsvej,5,2024-04-12 02:58:35,1123,902,1358.3000000000002
Florri,Zima,fzimame@examiner.com,92269030,Granskovvej,116,2024-04-12 09:06:39,1966,903,688.6
Yovonnda,Wolfe,ywolfe30@marriott.com,32584337,Lille Friheden,20,2024-04-13 04:12:53,8840,904,5946.9
Caresse,Mayze,cmayzecb@usatoday.com,66182810,Rugvej,139,2024-04-13 04:45:19,1436,905,119.8
Perceval,Zanazzi,pzanazzimp@friendfeed.com,94706145,Lillevangsvej,135,2024-04-14 06:03:42,6780,906,9205.4
Lee,McClunaghan,lmcclunaghannh@pcworld.com,66091020,Åstrupgårdsvej,7,2024-04-14 10:01:29,1107,907,765.9
Mehetabel,Locksley,mlocksley1j@guardian.co.uk,80585945,Gersagervej,57,2024-04-14 16:42:30,1151,908,586.5
Nora,Franceschelli,nfranceschelli3o@webnode.com,32047382,Industriskellet,162,2024-04-14 17:29:40,2760,909,3833.4
Harrie,Crookston,hcrookstonfw@github.com,65549362,Sønderby Alle,9,2024-04-14 17:47:33,1960,910,49.8
Louella,Crossgrove,lcrossgrove7f@canalblog.com,89094265,Gersagerparken,202,2024-04-15 00:54:07,3490,911,139.0
Durand,Tunuy,dtunuynj@wunderground.com,43718732,Hyttekrogen,202,2024-04-15 10:30:15,1200,912,539.0
Cathi,Rowlings,crowlingsfu@accuweather.com,40548857,Græsholmen,12,2024-04-16 05:53:38,1406,913,189.8
Samantha,Stansbie,sstansbie9h@mashable.com,85462979,Strøhusvej,63,2024-04-16 11:19:49,1213,914,2171.2999999999997
Abbey,Martello,amartelloeq@apple.com,74535283,Solhøjvej,52,2024-04-16 22:48:32,8560,915,978.6
Gordan,Arnaut,garnautin@paginegialle.it,81519544,Mejsevangen,196,2024-04-17 01:08:57,5540,916,470.7
Chryste,Meneer,cmeneerkf@dot.gov,82356517,Postvænget,27,2024-04-17 01:38:00,1732,917,3722.1
Shurlocke,Clerke,sclerkenb@illinois.edu,56493492,Skippingevej,214,2024-04-17 03:17:55,4270,918,399.0
Debra,Jaspar,djasparo6@twitter.com,44412124,Mosede Engvej,165,2024-04-17 18:53:51,1561,919,8549.199999999999
Raddy,Milesap,rmilesapp9@sfgate.com,73237573,Blochs Alle,148,2024-04-18 06:57:45,1551,920,4994.5
Murry,Fludgate,mfludgateos@so-net.ne.jp,96625187,Elna Munchs Plads,184,2024-04-18 07:11:08,8300,921,946.0
Tuck,Best,tbestjo@miibeian.gov.cn,53117212,Hvedevej,77,2024-04-19 03:15:57,7570,922,373.40000000000003
Maurice,Duplock,mduplock1d@usda.gov,33269869,Perikonhegnet,170,2024-04-19 08:25:07,1609,923,736.8
Colly,Stuchburie,cstuchburieea@vinaora.com,45173640,Kalkager,163,2024-04-19 13:34:48,4873,924,34.9
Hermy,Necolds,hnecoldsa9@creativecommons.org,36072202,Bygholmvej,145,2024-04-19 19:15:04,1610,925,345.40000000000003
Reynard,Angell,rangellp1@fda.gov,88306020,Dæmningsstien,221,2024-04-20 03:45:10,6720,926,22.9
Pierson,Vauls,pvaulsmm@moonfruit.com,34624467,Industrikrogen,226,2024-04-20 04:39:12,4030,927,4916.6
Kathy,Moffatt,kmoffattb5@arizona.edu,64360524,Korsager Allé,53,2024-04-20 16:04:52,1159,928,1820.9
Homer,Kilcullen,hkilculleno2@squarespace.com,50309748,Skinnestræde,113,2024-04-20 18:45:49,8643,929,947.0
Sergent,Bothe,sbotheca@cyberchimps.com,87126683,Industrigangen,152,2024-04-20 19:22:52,1462,930,2088.6
Florette,Dorracott,fdorracottd5@artisteer.com,33119046,Østrøjel,117,2024-04-20 19:46:09,9280,931,209.70000000000002
Leena,Munnion,lmunnioneg@nature.com,87769019,Hans Olsensvej,216,2024-04-21 00:20:30,1871,932,1407.0
Marilee,Buckler,mbucklerf6@github.com,98050709,Skelkær,119,2024-04-21 00:47:52,7900,933,94.9
Homerus,Farherty,hfarhertyph@hubpages.com,53121202,Bag Møllen,14,2024-04-21 17:33:02,8310,934,955.9
Anett,Monks,amonks8q@bravesites.com,46389546,Eriksminde Alle,85,2024-04-21 22:11:42,1175,935,3319.6
Allissa,Mattiato,amattiato8s@vistaprint.com,22195590,Dagmarhaven,185,2024-04-23 07:19:17,6960,936,1347.0
Jenica,Brosius,jbrosiusjr@prlog.org,76732600,Kærholmen,164,2024-04-23 17:32:18,1717,937,309.5
Patty,Gaskins,pgaskinspx@dedecms.com,52155952,Niels Bruunsvej,118,2024-04-23 22:04:12,8210,938,1943.8
Geri,Bowman,gbowmanc3@kickstarter.com,62108314,Stolpeager,92,2024-04-24 00:24:19,1807,939,4904.7
Lucina,Davydochkin,ldavydochkin3a@webnode.com,81440046,Greve Møllevej,136,2024-04-24 01:50:27,8220,940,813.5999999999999
Adena,Legerwood,alegerwoodm9@xing.com,43623250,Charlottegårdsvej,215,2024-04-26 00:16:17,1966,941,1599.9
Woodie,Head,whead6a@nyu.edu,63627215,Toft Sørensens Vænge,31,2024-04-26 09:13:05,6430,942,829.0
Benji,Callum,bcallumo8@psu.edu,35019887,Vestre Spættevej,135,2024-04-27 03:25:55,9681,943,179.0
Othilia,Houndsom,ohoundsom63@nsw.gov.au,66630157,Dønnerupvej,162,2024-04-27 06:54:55,1551,944,4290.9
Alano,Alexandrescu,aalexandrescuok@geocities.jp,66046671,Stevnsbovej,104,2024-04-27 13:13:54,1358,945,2325.0
Holt,Mulder,hmulderai@yelp.com,83352908,Skelbrovej,213,2024-04-27 16:25:17,2840,946,4574.6
Prue,Bartoszewski,pbartoszewskiac@about.me,42046088,Sjølundvej,27,2024-04-28 20:00:30,1754,947,193.60000000000002
Layney,Coda,lcoda62@istockphoto.com,76028759,Stenvænget,182,2024-04-29 08:43:14,1174,948,4341.6
Josepha,Buckel,jbuckelbp@soundcloud.com,48814189,Hampeland,133,2024-04-29 09:57:49,8632,949,3729.0
Wallis,Memmory,wmemmoryjj@tmall.com,74347494,Græshøjvej,137,2024-04-29 12:06:53,1811,950,387.0
Saudra,Bussel,sbusseljk@va.gov,94012185,Håndværkervej,75,2024-04-29 16:08:56,8970,951,675.6
Terrance,Cutteridge,tcutteridgebm@typepad.com,99272572,Skruegangen,123,2024-04-30 09:28:27,1618,952,2367.6
Abigael,Goodbanne,agoodbanneq0@europa.eu,99474565,Højlandsvangen,95,2024-04-30 19:50:15,4230,953,125.0
Dacia,Chieco,dchiecodj@statcounter.com,91362563,Niels Pedersensvej,146,2024-05-01 00:28:04,4490,954,25.8
Teirtza,Howick,thowicknt@trellian.com,93128769,Strandbyparken,10,2024-05-01 07:50:09,1370,955,2596.0
Euell,Bott,ebottpy@infoseek.co.jp,61807883,Borrisvej,146,2024-05-02 00:24:20,4874,956,213.7
Rea,Dodson,rdodson8x@answers.com,51071285,Tornagervej,22,2024-05-02 13:44:01,1260,957,239.6
Paulita,Wilmore,pwilmore9@bloomberg.com,97767970,Hindbærhaven,172,2024-05-02 16:53:55,1126,958,496.9
Boniface,Bothe,bbothelt@scribd.com,95038744,Hvidovre Strandvej,152,2024-05-02 23:14:19,6340,959,742.5
Chrystel,Alvares,calvaresft@github.io,56176965,Kirkebjerggårdsvej,202,2024-05-03 05:44:50,1371,960,119.8
Shane,Meddows,smeddowsbv@1688.com,52184838,Granvænget,48,2024-05-03 06:17:27,7480,961,3982.8
Salem,Dalton,sdalton6@state.gov,63121336,Humlebjerg,50,2024-05-03 08:33:33,1259,962,358.0
Thibaut,Franceschelli,tfranceschelli3e@webs.com,59160306,Trekanten B,22,2024-05-04 00:21:40,5854,963,369.6
Buck,Parr,bparr32@joomla.org,30779895,Søndre Kildetoften,101,2024-05-04 13:48:06,1633,964,73.8
Shandy,Hawkslee,shawksleej6@gizmodo.com,69701794,Åtoftevænget,213,2024-05-04 18:03:39,1860,965,11074.0
Galven,Shaddick,gshaddickfy@bravesites.com,99680802,Skovbrynet,83,2024-05-04 19:05:55,9881,966,3824.6
Godfry,Borges,gborgesqi@geocities.com,40736324,Industrivangen,187,2024-05-04 22:39:13,1675,967,2731.8
Octavia,Straw,ostraw4e@prnewswire.com,98362307,Ved Bellahøj Nord,136,2024-05-05 01:09:26,5883,968,296.5
Chrotoem,Babbage,cbabbagen7@infoseek.co.jp,37856080,Hyacinten,120,2024-05-05 04:44:20,1617,969,29.700000000000003
Lissi,Baumford,lbaumfordkn@parallels.com,30352531,Broås,143,2024-05-05 15:10:17,8420,970,8782.8
Carmelita,Yonnie,cyonniem8@reddit.com,57047036,Grønskifte,225,2024-05-05 22:12:39,8585,971,657.0
Aleen,Francombe,afrancombehm@angelfire.com,23958911,Bovang,102,2024-05-06 01:17:32,5874,972,1855.6
Andros,Bosward,aboswardl0@wufoo.com,80540902,Flemmingvej,203,2024-05-06 02:07:43,4261,973,3651.0
Gleda,Feehan,gfeehanky@sourceforge.net,53616221,Sandås,206,2024-05-06 02:52:17,2000,974,1198.0
Caryl,Fairs,cfairs7v@europa.eu,93338510,Sydskellet,33,2024-05-06 05:42:33,1434,975,538.9
Winny,Fleg,wflegce@amazonaws.com,96799480,Bygmarken,67,2024-05-06 06:18:13,1879,976,972.6
Cassey,Backshell,cbackshell40@live.com,54592026,Nordrøjel,4,2024-05-06 08:49:52,1962,977,2075.6
Kimberli,Shoebotham,kshoebothamla@time.com,95085321,Rugbjerg,225,2024-05-06 11:25:27,6091,978,5920.299999999999
Alphonse,Thomtson,athomtsonl8@unicef.org,30640608,Havremarken,30,2024-05-07 14:40:13,1206,979,2741.3
Jere,Pownall,jpownallk@cpanel.net,93081251,Lundemosen,186,2024-05-07 22:02:40,8799,980,1236.2
Lucias,Flowith,lflowithd1@europa.eu,21802579,Resenlund,42,2024-05-07 23:27:00,1450,981,882.7
Lissie,Onn,lonnej@state.tx.us,90669711,Husumvej,171,2024-05-08 00:09:11,8581,982,1703.7
Therine,MacInherney,tmacinherneyit@zdnet.com,35738412,Saltøvej,184,2024-05-08 19:15:30,6261,983,914.5
Matilde,Jeff,mjeffau@columbia.edu,54376616,Grenhusene,40,2024-05-09 11:35:02,1052,984,3785.5
Oriana,Beekman,obeekman85@meetup.com,68023799,Guldsmedestræde,215,2024-05-10 00:25:44,7200,985,519.2
Katherine,Yaldren,kyaldrend8@nhs.uk,79465344,Ishøj Bygade,99,2024-05-10 03:09:28,9510,986,918.0
Kylie,Balderson,kbalderson42@imageshack.us,57118513,Centerholmen,218,2024-05-10 17:56:16,4245,987,689.1
Gannon,Glaysher,gglaysheres@delicious.com,39684842,Korshavevej,121,2024-05-10 23:44:39,6621,988,4515.5
Bennie,Lawee,blaweele@discovery.com,56400104,Birkevang,219,2024-05-11 13:53:07,1674,989,3276.0
Roarke,Guenther,rguentherq8@illinois.edu,31408930,Voldgårdsvej,125,2024-05-11 15:26:56,1874,990,2535.8
Tull,Kynaston,tkynastonfq@auda.org.au,61580248,Søagerparken,172,2024-05-12 13:34:34,9760,991,1734.0
Malchy,Verling,mverling5g@nationalgeographic.com,75570112,Lunagervej,173,2024-05-13 10:59:53,3700,992,399.0
Bunni,Milch,bmilch2r@ning.com,89746046,Michael Gjøes Vej,228,2024-05-13 15:57:51,1317,993,477.0
Eleonora,Stanfield,estanfieldb3@cpanel.net,54174826,Åbuen,123,2024-05-15 03:15:37,1125,994,2076.2000000000003
Bren,Bault,bbaultc0@ameblo.jp,35876865,Hf. Birkevang,223,2024-05-15 03:20:18,2930,995,258.0
Chrysler,Cocci,ccocci5h@netscape.com,50223116,Dyrbæk,131,2024-05-15 13:52:01,9530,996,3662.8
Harri,Rahlof,hrahlof76@vkontakte.ru,96509874,Hørvænget,199,2024-05-15 17:47:51,4440,997,5763.8
Karina,De Mitri,kdemitri8j@hugedomains.com,26776978,Liljevænget,112,2024-05-15 18:10:32,7270,998,1756.0
Keelia,Bracknall,kbracknallr4@loc.gov,28434783,Svenstrupvej,62,2024-05-16 14:21:27,1673,999,2585.4
Nessy,Bateson,nbateson45@apple.com,34839417,Flintebjergvej,183,2024-05-17 12:47:06,1131,1000,680.2
