id,first_name,last_name,email,phone,street,house_number,create_date
1,Remus,Richemond,rrichemond0@github.io,97952773,Northview,89,2023-08-28 07:37:19
2,Dosi,Harbord,dharbord1@quantcast.com,43470140,Corben,46,2023-12-12 20:33:54
3,Ruben,Lipson,rlipson2@over-blog.com,96695595,Esker,196,2024-02-22 09:49:14
4,Hale,Sherringham,hsherringham3@ebay.com,59667432,Arkansas,197,2023-09-01 07:34:36
5,Latia,Jahndel,ljahndel4@house.gov,68022385,Meadow Valley,95,2023-06-13 07:32:20
6,Alwin,Jennaway,ajennaway5@bloglovin.com,54453976,1st,99,2023-12-29 03:47:13
7,Salem,Dalton,sdalton6@state.gov,63121336,Blackbird,50,2024-05-03 08:33:33
8,Ophelia,Croft,ocroft7@rambler.ru,79516455,Novick,182,2023-07-26 18:07:22
9,Immanuel,Bather,ibather8@storify.com,28756811,Anthes,139,2023-11-13 05:30:07
10,Paulita,Wilmore,pwilmore9@bloomberg.com,97767970,Iowa,172,2024-05-02 16:53:55
11,Devland,Rekes,drekesa@aboutads.info,36003263,Jenifer,116,2024-02-19 16:45:36
12,Rina,Waples,rwaplesb@google.com.br,95417612,Transport,69,2023-06-13 00:06:23
13,Darelle,Sutherley,dsutherleyc@delicious.com,80122118,Lawn,177,2023-07-28 05:27:53
14,Jeffie,Langham,jlanghamd@naver.com,94247103,Forest Run,30,2023-07-15 13:58:07
15,Shelby,Reolfi,sreolfie@360.cn,33775745,Kings,140,2023-10-19 10:06:42
16,Grantley,Petheridge,gpetheridgef@disqus.com,74360903,Village,178,2024-03-22 11:37:02
17,Hobie,Ridewood,hridewoodg@bigcartel.com,54388237,Nobel,179,2024-02-01 18:51:30
18,Malchy,Yakob,myakobh@businesswire.com,88790903,John Wall,196,2024-03-31 15:31:09
19,Aloin,Bolin,abolini@go.com,36526563,Clemons,227,2023-11-27 19:37:13
20,Marcel,Brose,mbrosej@epa.gov,50909417,Mayfield,160,2024-03-27 14:11:36
21,Jere,Pownall,jpownallk@cpanel.net,93081251,Troy,186,2024-05-07 22:02:40
22,Foster,Yanyushkin,fyanyushkinl@examiner.com,31328066,Pond,153,2024-02-15 11:48:16
23,Bernadina,Sail,bsailm@sogou.com,53408245,Meadow Ridge,178,2024-03-30 23:13:56
24,Rheba,Laban,rlabann@free.fr,44569330,Sauthoff,98,2024-02-28 21:02:46
25,Hugues,Duinbleton,hduinbletono@51.la,57631667,Laurel,86,2023-09-25 01:27:04
26,Tamas,Godier,tgodierp@gravatar.com,63980715,5th,60,2024-03-05 08:06:43
27,Gorden,Pinyon,gpinyonq@w3.org,89279380,Bellgrove,8,2023-06-20 21:29:11
28,Kania,Aylesbury,kaylesburyr@aol.com,91634536,Merrick,65,2023-07-30 00:05:38
29,Brynna,Barttrum,bbarttrums@usnews.com,68403102,Bashford,28,2024-01-08 11:54:30
30,Ursa,Richards,urichardst@washington.edu,52510856,Upham,168,2023-10-19 02:00:09
31,Brooke,Gloster,bglosteru@fastcompany.com,28187573,Surrey,52,2024-02-08 06:01:03
32,Ellis,Raison,eraisonv@cbc.ca,73111910,La Follette,62,2024-03-16 12:56:52
33,Hermina,Dawber,hdawberw@ox.ac.uk,33224754,Monument,26,2023-10-02 00:12:48
34,Kalle,Howard - Gater,khowardgaterx@jimdo.com,88900235,Bultman,117,2024-01-03 19:07:23
35,Lewie,Cars,lcarsy@ebay.com,58963084,Bobwhite,85,2023-11-27 22:14:06
36,Eziechiele,Hanvey,ehanveyz@go.com,86583204,Lake View,202,2024-03-11 13:13:54
37,Lanita,Trenoweth,ltrenoweth10@barnesandnoble.com,98179604,Scofield,34,2024-02-09 16:13:24
38,Phyllis,Southward,psouthward11@wsj.com,47507509,Evergreen,173,2024-04-07 11:55:39
39,Alli,Attow,aattow12@csmonitor.com,78473899,Sunbrook,210,2023-12-14 12:28:10
40,Karia,Farrand,kfarrand13@edublogs.org,55472971,6th,221,2023-11-11 16:33:36
41,Barbe,Cund,bcund14@google.com.au,45412196,Towne,196,2023-09-15 06:05:29
42,Trip,O'Doherty,todoherty15@plala.or.jp,99249135,Surrey,107,2024-03-27 21:40:18
43,Meredeth,Pickance,mpickance16@ning.com,37143715,Gerald,177,2024-04-03 06:42:45
44,Ester,Phoebe,ephoebe17@chronoengine.com,89549235,Moland,15,2023-09-16 09:58:53
45,Derk,Tamlett,dtamlett18@europa.eu,75301351,Dwight,5,2024-04-12 02:58:35
46,Timotheus,Trussler,ttrussler19@aboutads.info,81869837,Anniversary,165,2023-10-09 20:19:13
47,Jude,Havercroft,jhavercroft1a@miitbeian.gov.cn,25698334,Hauk,145,2023-06-25 11:12:54
48,Licha,Iacapucci,liacapucci1b@delicious.com,49182727,Mccormick,175,2023-10-10 03:18:01
49,Ruttger,Gregol,rgregol1c@sun.com,88951790,Delaware,215,2023-09-13 15:07:24
50,Maurice,Duplock,mduplock1d@usda.gov,33269869,Crownhardt,170,2024-04-19 08:25:07
51,Erica,Alastair,ealastair1e@unicef.org,92075971,Becker,206,2023-10-10 22:30:37
52,Merrili,Baudry,mbaudry1f@unesco.org,22280980,Sachs,217,2024-02-08 07:14:51
53,Violetta,Millions,vmillions1g@icq.com,35840536,Red Cloud,211,2023-05-18 03:12:27
54,Marcellus,Dietmar,mdietmar1h@4shared.com,23835320,Messerschmidt,175,2023-06-10 18:56:34
55,Trudie,Boyne,tboyne1i@mayoclinic.com,57466713,Almo,111,2023-09-16 20:47:31
56,Mehetabel,Locksley,mlocksley1j@guardian.co.uk,80585945,Loeprich,57,2024-04-14 16:42:30
57,Arlette,Kinkead,akinkead1k@woothemes.com,35638728,Swallow,146,2024-02-25 18:53:34
58,Iosep,Osant,iosant1l@vinaora.com,63858828,Cherokee,185,2024-01-24 10:48:59
59,Cassandra,Reinhart,creinhart1m@elegantthemes.com,81306799,Cardinal,61,2024-04-05 23:24:50
60,Munroe,Mussilli,mmussilli1n@wisc.edu,83463280,David,53,2023-12-11 02:20:01
61,Lurleen,Woan,lwoan1o@infoseek.co.jp,97556098,Jay,29,2023-08-20 15:00:28
62,Edyth,Giabuzzi,egiabuzzi1p@github.io,54598267,Grasskamp,206,2023-11-19 16:51:58
63,Damita,Vedntyev,dvedntyev1q@home.pl,98757040,Fair Oaks,14,2023-12-19 21:00:37
64,Juanita,Burrass,jburrass1r@sitemeter.com,29209740,Gulseth,210,2024-01-19 06:10:59
65,Mareah,McCard,mmccard1s@google.ca,59561169,Del Sol,128,2023-12-12 14:10:37
66,Crysta,Morhall,cmorhall1t@friendfeed.com,23947737,Clarendon,168,2024-03-12 18:54:43
67,Leila,Browncey,lbrowncey1u@uiuc.edu,94209508,Park Meadow,148,2024-03-06 15:02:25
68,Bat,Marchment,bmarchment1v@bloglines.com,21598589,Vidon,113,2023-12-17 16:57:44
69,Cart,Spicer,cspicer1w@hubpages.com,88069214,Holmberg,117,2024-03-14 10:03:20
70,Bastien,Vanini,bvanini1x@jalbum.net,78625819,Ilene,228,2023-12-15 21:15:27
71,Rafe,Ramsdell,rramsdell1y@tamu.edu,92706158,Bunting,51,2024-02-04 07:51:47
72,Vernon,Chesser,vchesser1z@creativecommons.org,84992138,Northport,88,2023-10-19 22:12:57
73,Hayward,Selman,hselman20@ning.com,92164216,Heffernan,62,2023-06-10 19:12:05
74,Dov,Mehew,dmehew21@hhs.gov,96409872,Thackeray,163,2023-07-31 05:55:49
75,Lonni,Atcherley,latcherley22@foxnews.com,30303329,Mifflin,188,2023-09-30 21:40:32
76,Yehudit,Gregori,ygregori23@wikimedia.org,80324665,Upham,37,2024-03-07 04:13:29
77,Xever,Brian,xbrian24@apple.com,33326565,Old Shore,49,2023-12-02 07:09:06
78,Toinette,Aylen,taylen25@tumblr.com,47624296,Petterle,174,2024-01-09 19:09:53
79,Far,Myrkus,fmyrkus26@google.cn,30640719,Comanche,18,2023-08-03 08:01:08
80,Tanitansy,Ingram,tingram27@foxnews.com,98989757,6th,136,2024-03-11 06:54:23
81,Allen,Dregan,adregan28@google.com.au,67844622,Lakeland,68,2023-09-08 14:37:45
82,Carmita,Richten,crichten29@opera.com,34491652,John Wall,9,2024-04-03 19:15:30
83,Shelley,O'dell,sodell2a@cornell.edu,64790457,Anthes,89,2023-11-25 07:50:23
84,Suzie,Zmitrichenko,szmitrichenko2b@creativecommons.org,77316066,Badeau,5,2024-01-11 07:49:11
85,Ignatius,MacMechan,imacmechan2c@reference.com,44535389,Waubesa,86,2024-03-19 14:42:46
86,Kassandra,De Lascy,kdelascy2d@paginegialle.it,86983974,Stuart,181,2024-02-04 10:08:56
87,Byrann,Colten,bcolten2e@last.fm,93066252,Mayfield,117,2024-02-08 23:43:41
88,Maryellen,Casillis,mcasillis2f@moonfruit.com,48245745,Amoth,42,2024-03-14 11:33:57
89,Freddie,Toupe,ftoupe2g@networksolutions.com,77614692,Mesta,144,2023-12-23 15:08:24
90,Haily,Probyn,hprobyn2h@lycos.com,33527281,Barnett,40,2023-12-24 10:58:44
91,Kira,Hamnet,khamnet2i@umn.edu,31118395,Eastwood,190,2024-01-14 17:14:34
92,Ange,McAne,amcane2j@usatoday.com,44525790,Jay,33,2023-09-27 17:34:55
93,Gilberta,Copo,gcopo2k@theguardian.com,57078343,Springs,205,2023-08-20 10:29:37
94,Fleming,Moline,fmoline2l@java.com,42187843,Fremont,198,2023-06-07 06:18:29
95,Mischa,Berston,mberston2m@answers.com,49651481,Brentwood,102,2023-09-09 09:56:53
96,Kayle,Wyllis,kwyllis2n@studiopress.com,24362771,Monument,166,2024-01-14 16:07:37
97,Jorge,Pritchett,jpritchett2o@csmonitor.com,40710241,Bartillon,173,2023-09-02 20:45:04
98,Valentia,Peever,vpeever2p@fotki.com,43606082,Eagan,171,2023-07-10 03:05:51
99,Janaya,Bewly,jbewly2q@ebay.com,63194253,Ilene,224,2024-03-08 09:03:06
100,Bunni,Milch,bmilch2r@ning.com,89746046,Texas,228,2024-05-13 15:57:51
101,Suzanna,Shiel,sshiel2s@samsung.com,59804366,Valley Edge,227,2023-08-30 13:07:49
102,Lemuel,Manthorpe,lmanthorpe2t@chicagotribune.com,34452608,Upham,163,2023-07-31 06:37:08
103,Carlota,Robshaw,crobshaw2u@amazon.com,34153968,Manley,195,2023-07-26 02:44:36
104,Tiphanie,Aindriu,taindriu2v@biblegateway.com,53502924,Mayer,135,2024-03-11 10:41:40
105,Di,Boobyer,dboobyer2w@1688.com,92761150,Maple Wood,87,2023-07-08 01:45:30
106,Ruthi,Buxton,rbuxton2x@time.com,40023522,Arapahoe,152,2023-11-05 15:17:07
107,Saul,Davio,sdavio2y@dyndns.org,74792733,Kipling,90,2023-11-17 20:12:14
108,Noel,Leguay,nleguay2z@themeforest.net,44756524,Leroy,226,2023-12-01 00:52:46
109,Yovonnda,Wolfe,ywolfe30@marriott.com,32584337,Lighthouse Bay,20,2024-04-13 04:12:53
110,Jeannine,Frounks,jfrounks31@cnbc.com,81171402,Aberg,50,2024-02-14 17:32:27
111,Buck,Parr,bparr32@joomla.org,30779895,Thompson,101,2024-05-04 13:48:06
112,Peggi,Groneway,pgroneway33@phoca.cz,24114809,Morrow,146,2023-09-15 01:09:11
113,Rowan,Norrington,rnorrington34@ocn.ne.jp,32048360,Burning Wood,166,2023-05-22 02:20:01
114,Aloisia,Lanaway,alanaway35@stanford.edu,86948089,Veith,206,2024-02-07 21:57:07
115,Cchaddie,Bustin,cbustin36@techcrunch.com,91392177,Lake View,148,2023-12-02 08:34:48
116,Terrell,Buckerfield,tbuckerfield37@arstechnica.com,86132796,Warbler,37,2023-06-07 22:28:53
117,Harriott,Grainger,hgrainger38@flavors.me,44032185,Northfield,181,2024-03-08 00:20:56
118,Avivah,Hamblyn,ahamblyn39@ning.com,44577761,Carberry,94,2023-11-01 21:56:29
119,Lucina,Davydochkin,ldavydochkin3a@webnode.com,81440046,Daystar,136,2024-04-24 01:50:27
120,Roslyn,Sickling,rsickling3b@bravesites.com,84882629,Valley Edge,166,2024-02-08 00:54:28
121,Kristel,Lezemore,klezemore3c@upenn.edu,52578588,Lakeland,55,2024-04-11 13:35:36
122,Carmella,Oswald,coswald3d@bigcartel.com,63045400,John Wall,129,2023-06-08 08:34:46
123,Thibaut,Franceschelli,tfranceschelli3e@webs.com,59160306,Sheridan,22,2024-05-04 00:21:40
124,Daveen,Steljes,dsteljes3f@joomla.org,81610048,Dryden,147,2023-11-13 03:02:07
125,Karel,Showalter,kshowalter3g@meetup.com,76600314,Green,2,2024-04-09 06:19:15
126,Eba,Pogson,epogson3h@yahoo.com,88573813,Iowa,34,2023-11-19 06:28:36
127,Angil,Timby,atimby3i@dyndns.org,23748028,Oriole,190,2023-05-18 23:31:00
128,Hervey,Beaver,hbeaver3j@java.com,59472450,Marcy,214,2024-03-11 14:18:39
129,Graeme,Stodhart,gstodhart3k@nps.gov,83046074,Green,101,2023-12-05 23:07:26
130,Claus,Maunton,cmaunton3l@ask.com,78466810,Graedel,79,2023-08-10 04:21:24
131,Querida,Bohman,qbohman3m@1und1.de,71535595,Debra,10,2024-01-01 09:08:00
132,Tish,Yea,tyea3n@sun.com,46560354,Hudson,203,2024-03-02 23:20:49
133,Nora,Franceschelli,nfranceschelli3o@webnode.com,32047382,Towne,162,2024-04-14 17:29:40
134,Calli,Fassbindler,cfassbindler3p@canalblog.com,26059226,Orin,24,2023-10-06 20:00:24
135,Ewan,Escale,eescale3q@ezinearticles.com,93266943,Anzinger,48,2024-01-17 18:00:50
136,Sybyl,Caskie,scaskie3r@cisco.com,39293991,Oak Valley,57,2023-10-23 19:28:58
137,Amby,Ather,aather3s@flavors.me,57955451,Dexter,5,2024-01-24 19:49:55
138,Foss,Portam,fportam3t@friendfeed.com,26371309,Bonner,183,2023-10-24 02:53:51
139,Eirena,Sidsaff,esidsaff3u@vinaora.com,22166632,Sutteridge,15,2023-10-07 18:26:04
140,Cris,Bein,cbein3v@comcast.net,66495755,Annamark,110,2023-09-09 08:48:53
141,Arthur,Carlill,acarlill3w@thetimes.co.uk,66355810,Killdeer,93,2023-07-17 00:48:33
142,Karine,Tumulty,ktumulty3x@fema.gov,64843655,Debs,147,2024-03-22 08:12:43
143,Lisha,Skewes,lskewes3y@cnn.com,71672825,East,134,2023-09-26 17:29:19
144,Fernandina,Bassingham,fbassingham3z@irs.gov,36412645,Redwing,126,2023-10-08 06:18:56
145,Cassey,Backshell,cbackshell40@live.com,54592026,Springview,4,2024-05-06 08:49:52
146,Conny,Smalman,csmalman41@bing.com,53829990,Summit,44,2023-11-10 04:38:56
147,Kylie,Balderson,kbalderson42@imageshack.us,57118513,Carioca,218,2024-05-10 17:56:16
148,Berky,Faunch,bfaunch43@mysql.com,77075634,Florence,196,2024-03-17 13:43:25
149,Moishe,Kubera,mkubera44@answers.com,36214673,Forster,104,2023-06-20 09:11:29
150,Nessy,Bateson,nbateson45@apple.com,34839417,Schlimgen,183,2024-05-17 12:47:06
151,Bondie,Nornasell,bnornasell46@weibo.com,34805911,Fulton,108,2023-08-22 13:47:13
152,Nikolai,Gaukrodge,ngaukrodge47@vinaora.com,81624558,Pleasure,14,2023-09-20 06:42:20
153,Maurits,Cansfield,mcansfield48@sogou.com,87614771,Logan,56,2023-09-17 04:54:02
154,Dianna,MacIan,dmacian49@ihg.com,22540095,Ridgeview,230,2024-01-27 08:32:22
155,Sammie,Trowle,strowle4a@jigsy.com,98827502,Dwight,17,2023-06-17 22:00:06
156,Lita,Billson,lbillson4b@etsy.com,44668315,Granby,49,2024-03-03 18:44:52
157,Mair,McQueen,mmcqueen4c@bbb.org,56197732,Tennyson,68,2024-01-24 04:36:18
158,Rodolfo,Ketteringham,rketteringham4d@adobe.com,61498857,Banding,63,2023-11-13 05:21:12
159,Octavia,Straw,ostraw4e@prnewswire.com,98362307,David,136,2024-05-05 01:09:26
160,Ammamaria,Shiel,ashiel4f@quantcast.com,59734203,Old Shore,191,2023-12-02 23:37:45
161,Merrile,McTrustram,mmctrustram4g@cisco.com,23159778,Declaration,193,2023-07-05 18:08:33
162,Merle,Luparti,mluparti4h@exblog.jp,32677760,Gulseth,140,2024-02-21 14:12:39
163,Wesley,Lemmers,wlemmers4i@artisteer.com,56261354,Goodland,46,2024-01-01 16:05:01
164,Chiarra,Mowsdill,cmowsdill4j@wordpress.com,51012081,Kipling,66,2023-08-19 22:33:12
165,Gabriello,Straine,gstraine4k@slashdot.org,73655943,Elgar,193,2023-11-24 02:14:05
166,Halette,Ashlin,hashlin4l@liveinternet.ru,73531227,Rusk,92,2023-07-11 11:00:39
167,Doretta,Trulock,dtrulock4m@buzzfeed.com,23520000,Kings,90,2023-11-02 23:57:07
168,Rozalie,Berrington,rberrington4n@narod.ru,87554359,Elka,34,2024-04-05 08:09:31
169,Clerc,Hyams,chyams4o@sun.com,73221893,Ronald Regan,57,2023-08-08 16:59:02
170,Benita,Clacson,bclacson4p@people.com.cn,53319581,Daystar,197,2023-08-12 18:41:18
171,Tomas,Petters,tpetters4q@shareasale.com,40456348,Melvin,97,2023-06-23 19:27:12
172,Evy,Crat,ecrat4r@huffingtonpost.com,94278203,7th,36,2023-07-07 20:53:30
173,Patsy,Menure,pmenure4s@usnews.com,37541059,Farmco,14,2023-09-23 01:59:12
174,Cary,Hallard,challard4t@indiatimes.com,24467605,North,20,2023-11-22 18:59:08
175,Val,Dionisio,vdionisio4u@fda.gov,78773554,Main,179,2023-07-21 10:13:52
176,Roseann,Tsar,rtsar4v@smh.com.au,35169889,Onsgard,132,2024-02-06 01:41:15
177,Coop,Pelcheur,cpelcheur4w@blinklist.com,53579710,Stoughton,187,2023-11-10 09:06:21
178,Gilberta,Jervis,gjervis4x@instagram.com,27562179,Blackbird,196,2023-10-27 11:03:34
179,Merill,McIan,mmcian4y@walmart.com,45822327,Schmedeman,84,2023-12-25 07:19:01
180,Gabie,Gery,ggery4z@squidoo.com,66246871,South,119,2023-10-10 09:09:32
181,Hilton,Hugnot,hhugnot50@nature.com,74722998,Farragut,225,2024-03-23 22:52:55
182,Anabel,Haldene,ahaldene51@msn.com,41533490,Pleasure,77,2023-08-29 02:36:21
183,Karon,Sherrott,ksherrott52@ucoz.ru,41994538,Canary,16,2023-07-09 21:00:15
184,Jeanelle,Kingaby,jkingaby53@e-recht24.de,32563773,Butterfield,162,2023-06-04 13:11:27
185,Karia,Rau,krau54@symantec.com,59710046,Emmet,175,2023-07-13 07:51:03
186,Marietta,Parvin,mparvin55@theguardian.com,51495758,Florence,187,2023-09-22 01:40:06
187,Willem,Morrish,wmorrish56@rambler.ru,68202231,Thompson,96,2024-04-10 04:53:26
188,Nickie,Giraudel,ngiraudel57@ifeng.com,45636745,Schlimgen,8,2023-12-03 08:18:18
189,Dun,Copeland,dcopeland58@wikia.com,81058574,Fallview,180,2023-05-24 04:22:32
190,Lilli,Olech,lolech59@plala.or.jp,67000412,Little Fleur,137,2023-10-29 06:23:38
191,Jesse,Caulcutt,jcaulcutt5a@springer.com,28048942,Northport,59,2023-11-24 18:25:05
192,Audie,Filasov,afilasov5b@sbwire.com,87958636,Del Sol,86,2023-09-20 03:15:06
193,Othella,Avraam,oavraam5c@marriott.com,69464731,Burrows,141,2023-08-06 19:11:41
194,Godfrey,Frill,gfrill5d@liveinternet.ru,49123867,Eggendart,205,2024-04-08 14:27:52
195,Sherwood,Moden,smoden5e@artisteer.com,51974882,Farragut,46,2024-02-16 21:12:07
196,Riki,Caller,rcaller5f@wisc.edu,26259123,Farragut,113,2023-06-12 23:44:07
197,Malchy,Verling,mverling5g@nationalgeographic.com,75570112,Rutledge,173,2024-05-13 10:59:53
198,Chrysler,Cocci,ccocci5h@netscape.com,50223116,Truax,131,2024-05-15 13:52:01
199,Minerva,Buttwell,mbuttwell5i@mozilla.com,52969156,Iowa,86,2023-10-23 14:58:48
200,Waldemar,Bengochea,wbengochea5j@hatena.ne.jp,54344968,Hoard,33,2023-05-18 10:48:42
201,Janenna,Schuh,jschuh5k@zdnet.com,89315564,Ridgeway,144,2023-06-21 09:13:15
202,Carolee,Proud,cproud5l@free.fr,62157629,Pearson,108,2023-05-18 19:16:49
203,Bidget,Paradis,bparadis5m@ezinearticles.com,83643261,Schurz,127,2023-07-20 23:42:18
204,Batholomew,Huxham,bhuxham5n@marriott.com,91429478,Monica,108,2024-01-28 21:01:52
205,Elisha,McGow,emcgow5o@mlb.com,58614094,Ridgeview,191,2023-12-03 04:33:08
206,Marjie,Mogey,mmogey5p@chron.com,62090625,Riverside,98,2023-11-07 23:37:24
207,Wylie,Cossom,wcossom5q@jigsy.com,79166977,Chinook,105,2024-03-04 23:44:24
208,Jud,Landy,jlandy5r@biglobe.ne.jp,40149508,Autumn Leaf,180,2024-03-19 18:38:50
209,Oberon,Bestwick,obestwick5s@youtu.be,78483459,Hollow Ridge,53,2023-11-21 16:11:10
210,Gustaf,Treleven,gtreleven5t@google.nl,87582983,Golf View,147,2023-10-05 18:44:24
211,Tessa,Spendlove,tspendlove5u@ucsd.edu,39144761,Alpine,31,2023-11-04 05:42:42
212,Maddy,Grinin,mgrinin5v@vimeo.com,63460363,Sutherland,63,2023-11-17 13:06:54
213,Colin,Buse,cbuse5w@phoca.cz,62196964,Ridgeview,54,2023-07-20 22:17:24
214,Maryjane,Leppard,mleppard5x@trellian.com,46066884,Northfield,97,2023-10-05 20:49:27
215,Beniamino,Chree,bchree5y@list-manage.com,79723632,Delaware,32,2024-01-24 18:57:37
216,Garreth,Stichall,gstichall5z@blinklist.com,45133194,Esker,47,2023-09-07 14:30:45
217,Arney,Stiller,astiller60@technorati.com,38238010,Lillian,137,2023-08-26 14:48:29
218,Jecho,Knipe,jknipe61@vk.com,57029839,Wayridge,161,2024-03-03 14:36:33
219,Layney,Coda,lcoda62@istockphoto.com,76028759,Oakridge,182,2024-04-29 08:43:14
220,Othilia,Houndsom,ohoundsom63@nsw.gov.au,66630157,Banding,162,2024-04-27 06:54:55
221,Stacey,Gethings,sgethings64@who.int,99489769,Old Shore,97,2023-06-10 23:42:38
222,Jaymie,Whatham,jwhatham65@rediff.com,48973376,Aberg,91,2024-03-24 22:10:34
223,Chrystel,Caughey,ccaughey66@cdc.gov,99421747,Southridge,17,2023-06-20 16:50:08
224,Caleb,Cheales,ccheales67@princeton.edu,66623740,Summit,45,2023-07-20 09:48:49
225,Oliy,Gambie,ogambie68@hibu.com,56460087,Caliangt,67,2023-08-05 09:24:59
226,Daphne,Della,ddella69@flickr.com,54837882,Bartelt,34,2024-01-29 17:18:00
227,Woodie,Head,whead6a@nyu.edu,63627215,Blaine,31,2024-04-26 09:13:05
228,Edee,Brigdale,ebrigdale6b@istockphoto.com,81043739,Sycamore,201,2023-12-16 11:05:07
229,Oralia,Gyngyll,ogyngyll6c@dropbox.com,80638047,Lakeland,221,2024-03-20 03:27:28
230,Rubi,Methley,rmethley6d@cnn.com,72159573,Di Loreto,62,2024-01-18 22:42:06
231,Shirlee,De Michele,sdemichele6e@aol.com,62371671,7th,189,2023-08-06 05:03:34
232,Olag,McBryde,omcbryde6f@t.co,94844602,Onsgard,191,2023-12-10 19:04:59
233,Ardisj,Addams,aaddams6g@abc.net.au,53269384,Columbus,94,2023-10-09 12:33:42
234,Carrol,Neylan,cneylan6h@timesonline.co.uk,85387267,Heath,212,2024-01-21 16:36:26
235,Annadiane,Loweth,aloweth6i@ning.com,23593375,Upham,180,2023-06-07 01:23:45
236,Erik,Ruvel,eruvel6j@mozilla.com,27996675,Butternut,137,2023-12-07 21:27:34
237,Bride,Pavinese,bpavinese6k@upenn.edu,34048658,Goodland,227,2023-12-14 07:56:14
238,Ramsay,Dumbare,rdumbare6l@cbc.ca,88539931,Fieldstone,38,2023-12-15 02:32:39
239,Zondra,Broune,zbroune6m@vkontakte.ru,67144194,Mcbride,205,2023-12-29 07:56:00
240,Ferrel,Slym,fslym6n@multiply.com,85670037,Talmadge,99,2024-03-09 18:01:31
241,Amandi,Sellers,asellers6o@technorati.com,93957016,Gateway,51,2023-10-01 02:45:42
242,Wright,Allington,wallington6p@usgs.gov,88140445,Brickson Park,43,2023-12-08 16:31:45
243,Esteban,Pimer,epimer6q@umich.edu,66097394,Derek,220,2024-01-28 10:49:51
244,Yehudit,Gadault,ygadault6r@tumblr.com,72790883,Surrey,133,2023-11-22 17:40:40
245,Nora,Kelle,nkelle6s@ted.com,94185048,Independence,195,2024-01-07 20:48:21
246,Gregoire,Gant,ggant6t@stanford.edu,58343073,Pawling,111,2023-06-21 21:20:21
247,Eldon,Probart,eprobart6u@flavors.me,68206879,Meadow Vale,193,2024-04-05 15:56:57
248,Thaddus,Egginson,tegginson6v@smh.com.au,56785235,Warbler,173,2024-01-11 03:12:09
249,Pyotr,Dabney,pdabney6w@zdnet.com,58670844,Thierer,97,2023-10-03 20:10:05
250,Deina,Tenwick,dtenwick6x@mozilla.com,41945952,High Crossing,47,2024-02-17 02:07:58
251,Daria,Stiant,dstiant6y@narod.ru,90826454,Clemons,207,2023-07-20 07:15:16
252,Hyatt,Morena,hmorena6z@discuz.net,46822347,Cherokee,113,2023-10-14 09:56:10
253,Tyrone,Syddall,tsyddall70@imgur.com,93251637,Packers,11,2023-10-08 15:01:28
254,Jody,Dunston,jdunston71@flickr.com,80514424,Fair Oaks,199,2024-01-04 01:10:27
255,Bekki,Kobiera,bkobiera72@biblegateway.com,62408845,Loomis,87,2023-07-22 06:22:18
256,Berty,Larrosa,blarrosa73@bravesites.com,51411708,Jana,196,2023-08-27 16:23:04
257,Teirtza,Schulter,tschulter74@networkadvertising.org,94705758,Shoshone,215,2024-02-20 04:54:06
258,Kenna,Voaden,kvoaden75@bloglines.com,85349422,Sugar,25,2023-06-13 00:40:41
259,Harri,Rahlof,hrahlof76@vkontakte.ru,96509874,Clyde Gallagher,199,2024-05-15 17:47:51
260,Esmaria,Hambidge,ehambidge77@alibaba.com,22253737,Ridge Oak,155,2023-09-11 06:48:47
261,Kyle,Cowlam,kcowlam78@imdb.com,40175436,Maryland,38,2024-01-16 22:18:12
262,Conrado,Gilstoun,cgilstoun79@washington.edu,83476276,Sheridan,67,2023-12-27 08:59:53
263,Casandra,Kingzeth,ckingzeth7a@about.me,82081128,Nobel,72,2023-09-18 05:00:57
264,Corby,Meech,cmeech7b@imdb.com,97665682,Tony,52,2023-08-20 07:15:29
265,Valida,Sambrook,vsambrook7c@networksolutions.com,87915636,Jana,204,2023-07-19 05:10:20
266,Sara,Coytes,scoytes7d@forbes.com,28140373,Eggendart,176,2024-03-11 02:27:24
267,Jay,Pickavance,jpickavance7e@samsung.com,65735126,Merry,68,2023-08-23 12:55:56
268,Louella,Crossgrove,lcrossgrove7f@canalblog.com,89094265,Lillian,202,2024-04-15 00:54:07
269,Amandie,Wharrier,awharrier7g@webeden.co.uk,49641405,Debs,221,2023-12-26 05:16:40
270,Emmye,Gouinlock,egouinlock7h@zdnet.com,66043620,Clemons,212,2023-06-21 20:29:38
271,Vite,Lidington,vlidington7i@feedburner.com,26914892,Basil,59,2023-05-21 20:04:15
272,Ailis,Wailes,awailes7j@nature.com,26427091,Anhalt,113,2023-11-09 07:33:01
273,Townsend,Perks,tperks7k@cnet.com,70154336,Toban,119,2023-09-01 01:13:37
274,Annissa,Aubrey,aaubrey7l@google.com.br,65558021,Crowley,11,2023-11-19 10:50:49
275,Alvan,Piccop,apiccop7m@prlog.org,96789629,Clove,5,2023-06-05 10:37:18
276,Tanner,Seaborne,tseaborne7n@cyberchimps.com,57498844,Emmet,69,2023-06-18 02:06:49
277,Drusilla,Skews,dskews7o@woothemes.com,50586422,Summerview,21,2024-02-07 13:42:24
278,Maxy,Chastey,mchastey7p@constantcontact.com,56163133,Stang,28,2023-10-27 18:56:13
279,Sloan,Rawll,srawll7q@webnode.com,33698743,Gale,101,2023-09-27 21:30:24
280,Fergus,Falconer,ffalconer7r@last.fm,84500722,Evergreen,218,2024-03-18 05:43:25
281,Emlyn,Luten,eluten7s@house.gov,61302404,Linden,18,2023-09-30 19:37:27
282,Norry,Stanney,nstanney7t@wunderground.com,70040074,Drewry,45,2023-10-30 07:54:28
283,Bill,McGrah,bmcgrah7u@blogger.com,77372927,Bashford,169,2023-10-27 04:03:10
284,Caryl,Fairs,cfairs7v@europa.eu,93338510,Bluestem,33,2024-05-06 05:42:33
285,Antin,Andree,aandree7w@vkontakte.ru,61087192,Debra,57,2024-03-30 06:05:29
286,Evelyn,Gray,egray7x@devhub.com,67622361,Anzinger,117,2023-07-18 14:09:15
287,Aron,Crowhurst,acrowhurst7y@zimbio.com,88390255,Talisman,171,2024-02-25 03:04:03
288,Drusi,Skip,dskip7z@taobao.com,86609440,Petterle,203,2024-03-26 06:01:55
289,Clovis,Deery,cdeery80@apple.com,33177112,Hagan,199,2024-02-25 23:58:56
290,Deva,Shury,dshury81@histats.com,43493771,Debs,133,2023-12-09 04:05:34
291,Sybil,Lack,slack82@cdc.gov,91774293,Declaration,27,2023-09-12 08:58:44
292,Gorden,Masterton,gmasterton83@addtoany.com,56233482,Northland,213,2024-01-13 02:19:13
293,Ambrosi,By,aby84@behance.net,88989939,Prairie Rose,49,2023-06-06 04:33:11
294,Oriana,Beekman,obeekman85@meetup.com,68023799,Basil,215,2024-05-10 00:25:44
295,Martguerita,Verson,mverson86@zdnet.com,31195710,Hovde,122,2023-11-13 02:11:46
296,Edgardo,Brockie,ebrockie87@devhub.com,72331987,Badeau,173,2024-02-27 10:30:50
297,Theo,Berrycloth,tberrycloth88@1und1.de,84726014,Lukken,40,2023-06-19 19:32:51
298,Idell,Buss,ibuss89@hp.com,95016837,Duke,135,2023-11-08 01:32:20
299,Gardner,Dearden,gdearden8a@e-recht24.de,22899853,Tennyson,62,2023-12-17 05:29:49
300,Boigie,Bagg,bbagg8b@mozilla.org,22748429,Duke,182,2023-09-10 10:19:33
301,Merilee,Baruch,mbaruch8c@themeforest.net,49005411,Northview,195,2023-10-30 02:05:16
302,Rudolf,Moston,rmoston8d@cpanel.net,34188491,Jenna,112,2024-02-07 05:06:26
303,Charmine,Folland,cfolland8e@flavors.me,91916108,Charing Cross,4,2023-06-13 18:37:18
304,Forbes,Dyter,fdyter8f@mashable.com,77578486,Independence,196,2024-01-21 19:31:18
305,Hi,Woodier,hwoodier8g@vinaora.com,57757291,Northfield,11,2023-11-01 12:17:24
306,Celia,Topling,ctopling8h@sphinn.com,32754122,Lukken,102,2024-01-08 22:42:45
307,Katrina,Emanuelov,kemanuelov8i@wp.com,34698177,Briar Crest,95,2023-11-12 22:44:47
308,Karina,De Mitri,kdemitri8j@hugedomains.com,26776978,Spohn,112,2024-05-15 18:10:32
309,Huberto,Growy,hgrowy8k@mayoclinic.com,62632425,Judy,78,2023-07-21 07:33:11
310,Phaedra,Byfield,pbyfield8l@nhs.uk,30485805,Nevada,128,2024-01-28 21:45:33
311,Kristofer,Hutley,khutley8m@illinois.edu,89301818,Schurz,84,2024-01-18 03:14:42
312,Zollie,Platt,zplatt8n@newyorker.com,41254853,Sage,51,2024-04-03 01:29:21
313,Linn,Alger,lalger8o@geocities.com,44204279,Elgar,71,2023-08-31 13:26:32
314,Arel,Roelvink,aroelvink8p@ebay.com,76695036,Maywood,27,2023-08-27 06:39:45
315,Anett,Monks,amonks8q@bravesites.com,46389546,Wayridge,85,2024-04-21 22:11:42
316,Prescott,Chaim,pchaim8r@lulu.com,89756729,Morrow,84,2023-06-06 22:39:57
317,Allissa,Mattiato,amattiato8s@vistaprint.com,22195590,Fremont,185,2024-04-23 07:19:17
318,Delmar,Beadell,dbeadell8t@bbb.org,96029775,Petterle,22,2024-02-22 16:21:59
319,Crosby,Jenyns,cjenyns8u@reference.com,53910281,Vahlen,156,2023-11-13 21:18:15
320,Ricki,Bocken,rbocken8v@fema.gov,52991834,Utah,104,2023-07-11 15:33:44
321,Carroll,Willford,cwillford8w@wunderground.com,40058844,Sycamore,14,2023-11-23 07:26:51
322,Rea,Dodson,rdodson8x@answers.com,51071285,Maple,22,2024-05-02 13:44:01
323,Coralyn,Gunton,cgunton8y@forbes.com,63415403,Transport,137,2024-02-17 09:26:08
324,Adah,Shorton,ashorton8z@furl.net,48731295,Stephen,58,2023-10-18 20:51:31
325,Beverley,O'Crigan,bocrigan90@msn.com,63278518,Cambridge,142,2023-08-23 21:32:20
326,Tootsie,Duffie,tduffie91@cdc.gov,81037540,Meadow Vale,135,2023-12-18 19:46:52
327,Nathalie,Hastings,nhastings92@desdev.cn,39058149,Dixon,168,2023-10-08 20:02:11
328,Renaud,Lettson,rlettson93@bandcamp.com,33307842,Menomonie,206,2024-01-09 08:11:52
329,Davey,Blees,dblees94@digg.com,69025143,Eliot,228,2024-01-01 07:06:12
330,Ekaterina,Wyon,ewyon95@xinhuanet.com,62135448,Meadow Vale,11,2024-03-09 13:36:19
331,Thedric,Jurgenson,tjurgenson96@friendfeed.com,72133928,Brown,55,2024-02-26 19:34:57
332,Ellyn,Andrioni,eandrioni97@amazon.co.jp,43417185,Village,37,2024-03-19 21:10:33
333,Hillary,Methuen,hmethuen98@themeforest.net,44996889,Autumn Leaf,86,2023-07-21 10:42:40
334,Nevil,Tomley,ntomley99@goo.ne.jp,77697407,Johnson,170,2024-01-31 08:57:39
335,Colline,Buckbee,cbuckbee9a@clickbank.net,80261740,Cambridge,139,2023-12-01 21:45:03
336,Renard,Camus,rcamus9b@go.com,43622272,Harbort,70,2023-11-05 03:26:41
337,Caitlin,Laffoley-Lane,claffoleylane9c@goodreads.com,62404142,Northfield,182,2023-05-20 12:34:59
338,Nicolle,Barnewell,nbarnewell9d@creativecommons.org,57955739,Meadow Ridge,147,2024-03-16 07:23:53
339,Robby,Somner,rsomner9e@wikimedia.org,43000007,Fisk,9,2024-03-26 09:53:21
340,Boone,Leborgne,bleborgne9f@ted.com,29857806,Wayridge,52,2024-01-31 16:47:16
341,Angele,Martinie,amartinie9g@va.gov,60840042,Paget,79,2024-02-26 06:12:20
342,Samantha,Stansbie,sstansbie9h@mashable.com,85462979,Del Sol,63,2024-04-16 11:19:49
343,Oralia,Chomley,ochomley9i@twitter.com,52253033,Mesta,18,2023-07-14 01:05:51
344,Carmine,Scarffe,cscarffe9j@ucsd.edu,88799913,Kim,58,2023-07-04 10:59:37
345,Romeo,Draycott,rdraycott9k@uol.com.br,99449561,Karstens,110,2023-10-28 08:41:39
346,Nanny,Brooker,nbrooker9l@hexun.com,34562981,Lyons,190,2024-02-07 16:07:18
347,Giles,Dodworth,gdodworth9m@deviantart.com,75441124,Continental,131,2023-08-15 05:52:58
348,Bevin,Whittaker,bwhittaker9n@berkeley.edu,31421860,Heath,125,2024-01-03 00:34:51
349,Thorin,Twinbrow,ttwinbrow9o@cloudflare.com,40343280,Mitchell,213,2024-03-21 11:34:50
350,Keslie,Antonioni,kantonioni9p@taobao.com,65965657,Vermont,128,2024-03-22 03:40:30
351,Prentice,Pennigar,ppennigar9q@tripod.com,22925439,Prentice,84,2024-02-15 22:06:26
352,Stephannie,Peckham,speckham9r@163.com,29853972,West,204,2024-03-28 12:43:22
353,Austin,Pantone,apantone9s@delicious.com,99304753,Del Mar,207,2023-08-04 19:16:32
354,Alick,Mc Caghan,amccaghan9t@studiopress.com,51557160,Blue Bill Park,61,2023-05-28 08:12:36
355,Aharon,Chismon,achismon9u@ca.gov,48063838,Fuller,82,2023-12-05 10:48:09
356,Netta,Ivashkov,nivashkov9v@ted.com,82551566,Glacier Hill,49,2023-07-21 09:50:43
357,Rosalia,Hamblen,rhamblen9w@linkedin.com,39603059,Larry,23,2023-05-21 23:26:17
358,Cassi,Brason,cbrason9x@comsenz.com,78092321,Toban,108,2023-12-08 02:28:56
359,Geri,Spowart,gspowart9y@altervista.org,53449101,Ridgeway,115,2023-07-24 19:33:49
360,Craig,Adame,cadame9z@house.gov,84780223,Springs,148,2024-01-27 15:46:39
361,Flori,Candlin,fcandlina0@g.co,92102639,Spaight,139,2023-11-30 04:37:50
362,Devondra,Fewtrell,dfewtrella1@webeden.co.uk,65072577,Dawn,130,2023-12-01 18:16:17
363,Eyde,Gregh,egregha2@tiny.cc,86161484,Dakota,72,2023-07-18 05:39:29
364,Dieter,Casey,dcaseya3@weebly.com,28123385,7th,210,2023-12-20 03:43:44
365,Keven,Giovanetti,kgiovanettia4@dmoz.org,30312598,Chive,42,2023-07-31 19:05:07
366,Karlene,Levicount,klevicounta5@networksolutions.com,87653987,Nelson,58,2023-05-29 20:26:06
367,Ardene,Venes,avenesa6@va.gov,98905917,Coleman,224,2024-02-10 09:00:35
368,Tull,Ruusa,truusaa7@symantec.com,75148365,Loomis,85,2024-01-03 11:28:36
369,Ottilie,Crumbleholme,ocrumbleholmea8@domainmarket.com,61908943,Fulton,101,2023-08-14 07:37:12
370,Hermy,Necolds,hnecoldsa9@creativecommons.org,36072202,Grover,145,2024-04-19 19:15:04
371,Kara,Bemand,kbemandaa@utexas.edu,64345488,Corry,191,2023-08-01 18:43:57
372,Mathilde,Penton,mpentonab@etsy.com,96661330,Haas,113,2023-06-02 07:18:16
373,Prue,Bartoszewski,pbartoszewskiac@about.me,42046088,Dwight,27,2024-04-28 20:00:30
374,Charmine,Harnott,charnottad@auda.org.au,96812662,Barnett,204,2023-10-01 11:30:28
375,Agathe,Bremley,abremleyae@telegraph.co.uk,53144552,Golden Leaf,144,2024-03-31 08:52:19
376,Xavier,Coning,xconingaf@about.me,41172326,Carberry,107,2023-10-30 09:04:30
377,Gian,Linnitt,glinnittag@fc2.com,24192506,Lakewood,201,2023-07-17 07:49:32
378,Falito,Burge,fburgeah@buzzfeed.com,55213104,Crowley,230,2024-03-12 13:25:16
379,Holt,Mulder,hmulderai@yelp.com,83352908,Ilene,213,2024-04-27 16:25:17
380,Berti,Garralts,bgarraltsaj@yelp.com,76494807,Cherokee,80,2024-03-13 23:26:38
381,Bartholomeus,MacChaell,bmacchaellak@1und1.de,70332474,Schlimgen,55,2023-09-28 10:41:45
382,Crystie,Bickerdike,cbickerdikeal@ning.com,74398013,Buena Vista,45,2023-12-19 15:58:26
383,Alanson,Cominello,acominelloam@chicagotribune.com,68188575,Onsgard,146,2024-01-29 15:00:31
384,Cordula,Tibbs,ctibbsan@etsy.com,52045036,Schlimgen,172,2023-11-23 22:45:56
385,Lynna,Scolland,lscollandao@goo.ne.jp,22088794,Park Meadow,208,2023-08-20 23:38:30
386,Winfield,Ransfield,wransfieldap@sphinn.com,68619563,Rigney,105,2024-04-09 01:51:25
387,Felipe,Nusche,fnuscheaq@ocn.ne.jp,92747059,Memorial,13,2024-01-20 06:20:42
388,Ibby,Willcocks,iwillcocksar@mozilla.org,83109305,Calypso,211,2024-03-01 06:57:31
389,Cyndi,Duchart,cduchartas@dell.com,78510276,Gale,217,2023-11-21 14:34:44
390,Noe,Lexa,nlexaat@blogs.com,79067884,Homewood,72,2023-08-05 04:34:55
391,Matilde,Jeff,mjeffau@columbia.edu,54376616,Heath,40,2024-05-09 11:35:02
392,Gaston,Frichley,gfrichleyav@cdc.gov,56998329,Larry,226,2023-12-22 01:19:29
393,Raddy,Grinyakin,rgrinyakinaw@creativecommons.org,41606097,Meadow Vale,207,2024-02-11 08:25:53
394,Tommie,McHale,tmchaleax@bloglines.com,57480252,Bartillon,125,2023-12-11 20:10:07
395,Abbye,Frankiewicz,afrankiewiczay@businessweek.com,27774732,Jay,60,2024-03-06 14:26:10
396,Evan,Klemke,eklemkeaz@myspace.com,77417374,Maywood,176,2023-11-03 04:58:53
397,Cirilo,Fewlass,cfewlassb0@topsy.com,91987614,Ridge Oak,117,2023-11-14 20:18:45
398,Sloane,Izhakov,sizhakovb1@chicagotribune.com,31612905,Morrow,33,2024-02-15 00:47:11
399,Daphna,Ivanchov,divanchovb2@rakuten.co.jp,97618024,Carey,138,2023-07-24 12:00:48
400,Eleonora,Stanfield,estanfieldb3@cpanel.net,54174826,Cardinal,123,2024-05-15 03:15:37
401,Wes,Hilling,whillingb4@ifeng.com,26257957,Sutteridge,108,2023-10-23 05:41:21
402,Kathy,Moffatt,kmoffattb5@arizona.edu,64360524,Holmberg,53,2024-04-20 16:04:52
403,Janifer,Wabb,jwabbb6@microsoft.com,90891610,Sunnyside,51,2023-11-05 01:02:52
404,Nickie,Damiata,ndamiatab7@creativecommons.org,26607532,Cody,144,2023-06-04 12:15:54
405,Alexina,Licas,alicasb8@a8.net,26798044,Fairview,24,2023-07-03 12:06:47
406,Pieter,Armit,parmitb9@google.nl,39974310,Arkansas,177,2023-06-18 13:28:39
407,Alanna,Tours,atoursba@github.io,36412442,Green Ridge,220,2023-07-26 08:42:08
408,Pepillo,Poynter,ppoynterbb@sciencedaily.com,44525201,Nevada,201,2023-11-25 13:14:40
409,Olivie,Siddle,osiddlebc@china.com.cn,89188927,Monument,52,2023-05-27 16:08:37
410,Alexandra,Grinaugh,agrinaughbd@jimdo.com,42234512,Ridge Oak,16,2023-06-21 13:23:28
411,Barty,Tupie,btupiebe@boston.com,98597043,Melby,190,2023-09-24 18:54:25
412,Tomasine,Laba,tlababf@boston.com,77216450,Mcbride,165,2023-06-09 15:01:58
413,Fred,Weepers,fweepersbg@yellowpages.com,51993455,Prairie Rose,178,2024-02-07 11:07:36
414,Lucas,Kinkaid,lkinkaidbh@about.com,77336909,International,44,2024-01-13 14:05:36
415,Olenolin,Easby,oeasbybi@scientificamerican.com,72530798,American,5,2024-03-05 02:12:23
416,Amelie,Riggoll,ariggollbj@google.pl,34844620,Blackbird,181,2024-01-24 01:21:11
417,Hervey,Jillett,hjillettbk@edublogs.org,28122996,Arkansas,155,2024-02-03 12:58:00
418,Tootsie,Lawson,tlawsonbl@ihg.com,41401094,Corben,61,2024-01-15 18:30:55
419,Terrance,Cutteridge,tcutteridgebm@typepad.com,99272572,Oriole,123,2024-04-30 09:28:27
420,Joey,Arsnell,jarsnellbn@uol.com.br,70573428,Myrtle,113,2023-09-04 13:35:28
421,Lyman,Skirving,lskirvingbo@linkedin.com,58293245,High Crossing,20,2024-02-01 18:13:43
422,Josepha,Buckel,jbuckelbp@soundcloud.com,48814189,Mayfield,133,2024-04-29 09:57:49
423,Cammy,Middlemist,cmiddlemistbq@list-manage.com,67302313,Prentice,6,2023-12-20 01:12:08
424,Tobey,Dunkerley,tdunkerleybr@istockphoto.com,32933343,Melody,146,2023-08-17 10:37:41
425,Iggy,Nore,inorebs@yellowpages.com,68301966,High Crossing,112,2023-09-07 08:28:54
426,Theodora,Leif,tleifbt@e-recht24.de,22379897,Starling,202,2023-06-06 04:13:23
427,Noami,Rizzardini,nrizzardinibu@independent.co.uk,43655831,Kinsman,169,2023-05-26 06:22:54
428,Shane,Meddows,smeddowsbv@1688.com,52184838,Algoma,48,2024-05-03 06:17:27
429,Zora,Triner,ztrinerbw@google.com.hk,34789966,Anderson,162,2023-07-19 16:41:37
430,Dorette,Hanks,dhanksbx@instagram.com,92802428,Hauk,227,2023-08-12 12:07:24
431,Luce,Quigley,lquigleyby@thetimes.co.uk,75060453,West,80,2023-08-20 03:27:06
432,Corri,Lazenbury,clazenburybz@posterous.com,26343297,Northwestern,162,2024-03-11 23:55:08
433,Bren,Bault,bbaultc0@ameblo.jp,35876865,Hanover,223,2024-05-15 03:20:18
434,Stafani,Ormerod,sormerodc1@amazon.co.jp,41502047,Mariners Cove,136,2023-11-11 00:52:59
435,Nadeen,Eddisforth,neddisforthc2@amazon.co.jp,34249597,Butternut,162,2023-09-15 23:18:26
436,Geri,Bowman,gbowmanc3@kickstarter.com,62108314,Macpherson,92,2024-04-24 00:24:19
437,Jsandye,MacTerrelly,jmacterrellyc4@sun.com,74914953,7th,13,2023-10-10 16:34:19
438,Gunar,McGeechan,gmcgeechanc5@wired.com,68818561,Autumn Leaf,202,2023-06-15 08:00:42
439,Seward,Hacker,shackerc6@github.com,74864661,Upham,181,2023-11-06 03:47:03
440,Loretta,Ardern,lardernc7@ucoz.ru,95572413,High Crossing,104,2023-09-05 17:17:38
441,Evan,Spaunton,espauntonc8@purevolume.com,85993494,Sugar,194,2024-01-31 07:21:27
442,Estevan,Gomes,egomesc9@bloomberg.com,37384222,Lunder,171,2023-09-21 08:46:04
443,Sergent,Bothe,sbotheca@cyberchimps.com,87126683,Bashford,152,2024-04-20 19:22:52
444,Caresse,Mayze,cmayzecb@usatoday.com,66182810,Mendota,139,2024-04-13 04:45:19
445,Monah,Baude,mbaudecc@addthis.com,29688242,Texas,89,2023-06-01 00:27:14
446,Ludwig,Hain,lhaincd@imdb.com,42924866,Lunder,45,2023-10-22 01:29:55
447,Winny,Fleg,wflegce@amazonaws.com,96799480,Blackbird,67,2024-05-06 06:18:13
448,Dene,Limrick,dlimrickcf@businessinsider.com,46588072,Loeprich,12,2024-01-30 18:25:44
449,Matti,Redolfi,mredolficg@nhs.uk,27742387,Park Meadow,191,2023-11-02 11:07:28
450,Kile,Gaythwaite,kgaythwaitech@smugmug.com,66042656,Washington,73,2024-02-09 06:31:31
451,Persis,Olphert,polphertci@buzzfeed.com,82214771,Kings,184,2023-05-21 00:13:30
452,Alaric,Langdon,alangdoncj@usa.gov,56389254,Canary,33,2024-03-12 07:09:32
453,Rafa,Halhead,rhalheadck@msu.edu,69317850,Vahlen,26,2023-09-10 02:46:07
454,Darius,Denes,ddenescl@tinypic.com,58075008,Truax,230,2024-01-21 16:06:44
455,Alberta,Mollison,amollisoncm@dot.gov,44903844,Sherman,143,2023-10-10 21:42:52
456,Marigold,Stogill,mstogillcn@sogou.com,27104690,Florence,94,2023-12-17 14:27:10
457,Calvin,Gooderick,cgooderickco@ebay.com,82316590,Sloan,171,2023-11-07 15:19:07
458,Kirsti,Waddams,kwaddamscp@mediafire.com,46883344,Laurel,165,2023-11-30 11:11:44
459,Yancy,Mattys,ymattyscq@goo.ne.jp,56454958,Sloan,195,2023-07-30 09:08:17
460,Brok,Walbrun,bwalbruncr@tuttocitta.it,83640452,Reindahl,118,2024-01-14 23:36:33
461,Jacinta,Lount,jlountcs@vk.com,52105962,Moulton,44,2023-05-19 19:23:14
462,Hillery,Luttgert,hluttgertct@discuz.net,73364028,Haas,96,2024-01-11 20:14:19
463,Cristabel,Moverley,cmoverleycu@about.com,74350350,Katie,38,2023-10-08 06:20:55
464,Wright,Muskett,wmuskettcv@devhub.com,80468422,Warbler,130,2023-12-04 07:16:02
465,Friedrich,Brash,fbrashcw@reddit.com,67410251,Sunbrook,68,2023-06-17 14:58:51
466,Gauthier,Avrahamof,gavrahamofcx@infoseek.co.jp,27711062,Elka,215,2023-06-09 15:03:47
467,Cointon,Soulsby,csoulsbycy@hud.gov,80991240,Prentice,230,2024-03-08 10:53:03
468,Louie,South,lsouthcz@amazon.de,96813481,Springs,146,2024-03-11 19:10:42
469,Edlin,Till,etilld0@netvibes.com,35473483,Bowman,4,2023-07-10 10:37:35
470,Lucias,Flowith,lflowithd1@europa.eu,21802579,Vidon,42,2024-05-07 23:27:00
471,Lynnette,Guise,lguised2@lulu.com,86877980,Ilene,46,2023-09-18 12:14:05
472,Emelita,Corben,ecorbend3@columbia.edu,96386339,Waywood,178,2023-06-14 22:14:04
473,Dyan,Joska,djoskad4@diigo.com,99922313,Farmco,160,2023-10-14 04:32:14
474,Florette,Dorracott,fdorracottd5@artisteer.com,33119046,Clyde Gallagher,117,2024-04-20 19:46:09
475,Reyna,Galer,rgalerd6@360.cn,89789078,Straubel,97,2023-12-07 09:16:02
476,Gordy,Donovan,gdonovand7@studiopress.com,77163720,Jenna,69,2024-03-22 02:44:23
477,Katherine,Yaldren,kyaldrend8@nhs.uk,79465344,Havey,99,2024-05-10 03:09:28
478,Arleen,Kleeborn,akleebornd9@newyorker.com,63600766,Raven,53,2023-08-13 03:46:29
479,Birgit,Skates,bskatesda@npr.org,27907421,Fordem,132,2023-08-07 13:52:15
480,Karney,McVeighty,kmcveightydb@live.com,38529857,Lake View,67,2023-07-23 08:31:07
481,Emelen,Jencken,ejenckendc@home.pl,72674814,8th,183,2024-03-07 02:14:32
482,Rufus,Eagleton,reagletondd@woothemes.com,99303451,Jana,67,2023-07-01 23:50:28
483,Frederic,Di Filippo,fdifilippode@sphinn.com,63948351,Grasskamp,217,2023-10-19 14:01:33
484,Davide,Gunnell,dgunnelldf@state.tx.us,31684685,Northport,47,2023-11-21 16:49:04
485,Tyler,Bourley,tbourleydg@statcounter.com,40025537,Roth,81,2023-08-30 08:21:36
486,Flory,Cross,fcrossdh@usa.gov,37202867,Daystar,133,2024-02-11 09:12:23
487,Vittorio,Withull,vwithulldi@odnoklassniki.ru,74267210,Cottonwood,11,2023-11-25 15:58:45
488,Dacia,Chieco,dchiecodj@statcounter.com,91362563,Division,146,2024-05-01 00:28:04
489,Fransisco,Lothlorien,flothloriendk@state.gov,45294881,Pankratz,67,2023-07-20 12:10:39
490,Florri,Buckenham,fbuckenhamdl@goodreads.com,69700431,Blaine,129,2023-07-26 02:07:48
491,Georgeanne,Hulance,ghulancedm@xinhuanet.com,85119736,Vahlen,226,2023-06-17 11:05:57
492,Michelina,De Ambrosis,mdeambrosisdn@harvard.edu,89052247,Mayer,82,2023-06-07 14:09:33
493,Nomi,Kezourec,nkezourecdo@etsy.com,46437944,Harper,42,2023-08-11 16:44:26
494,Antonella,Mincini,amincinidp@soup.io,93981714,Onsgard,37,2023-06-09 00:16:07
495,Codie,Casali,ccasalidq@foxnews.com,87663511,Mitchell,113,2023-08-17 03:15:10
496,Norbie,McComiskey,nmccomiskeydr@unc.edu,42447535,Bashford,6,2023-08-12 18:08:29
497,Tobiah,Byway,tbywayds@meetup.com,95397293,Corscot,207,2023-05-26 17:04:04
498,Quinn,Skade,qskadedt@cnet.com,29448437,Hagan,81,2024-02-21 15:43:35
499,Jami,Petrasek,jpetrasekdu@earthlink.net,58799539,Michigan,72,2024-03-21 18:52:37
500,Loreen,Borton,lbortondv@mac.com,41759505,Bay,124,2023-11-14 18:38:34
501,Dwayne,Luckman,dluckmandw@statcounter.com,92463668,Trailsway,160,2023-12-01 03:46:33
502,Melody,Drynan,mdrynandx@webmd.com,57989385,Kinsman,13,2023-09-06 14:37:05
503,Ezmeralda,Schafer,eschaferdy@reddit.com,59527911,Katie,99,2024-03-18 01:17:52
504,Alyson,Lomen,alomendz@cocolog-nifty.com,21859817,Kenwood,208,2023-10-15 15:03:51
505,Merla,Epsly,mepslye0@diigo.com,50531485,Center,147,2023-09-22 14:39:27
506,Andra,Tuting,atutinge1@bandcamp.com,37752708,Eliot,88,2023-10-24 05:11:41
507,Andrew,Buggs,abuggse2@ed.gov,59881671,Dapin,116,2023-08-12 04:54:56
508,Gavin,Calterone,gcalteronee3@cnet.com,86303764,Harbort,74,2023-12-27 15:47:58
509,Melosa,Benjamin,mbenjamine4@quantcast.com,52433311,Parkside,199,2023-08-28 23:57:58
510,Vladamir,Partridge,vpartridgee5@webmd.com,71435840,Rusk,73,2023-09-04 11:44:15
511,Zarla,Kellough,zkelloughe6@diigo.com,56605107,Monterey,159,2023-11-19 13:23:56
512,Bald,Farge,bfargee7@techcrunch.com,27713413,Rowland,12,2023-07-21 03:03:59
513,Lovell,Bentz,lbentze8@kickstarter.com,21984035,Valley Edge,91,2023-12-31 07:26:44
514,Revkah,Entwhistle,rentwhistlee9@pbs.org,93864584,Kings,135,2023-08-14 02:27:17
515,Colly,Stuchburie,cstuchburieea@vinaora.com,45173640,Corry,163,2024-04-19 13:34:48
516,Lenard,Brewis,lbrewiseb@wix.com,94763815,Killdeer,185,2023-09-07 09:49:49
517,Georgetta,MacCulloch,gmaccullochec@umn.edu,30546098,Continental,128,2023-09-11 17:11:32
518,Freeman,Liversedge,fliversedgeed@merriam-webster.com,34720158,Transport,22,2023-08-23 00:25:34
519,Jade,Standish-Brooks,jstandishbrooksee@oaic.gov.au,30185301,Atwood,216,2023-12-27 14:53:07
520,Wylie,Schnitter,wschnitteref@pinterest.com,48048046,Wayridge,173,2023-10-17 09:13:16
521,Leena,Munnion,lmunnioneg@nature.com,87769019,Oriole,216,2024-04-21 00:20:30
522,Cristy,Irnis,cirniseh@bbb.org,37852985,Nelson,91,2023-07-25 18:57:35
523,Odey,Brendeke,obrendekeei@163.com,35777302,Mesta,194,2023-09-07 21:58:56
524,Lissie,Onn,lonnej@state.tx.us,90669711,Homewood,171,2024-05-08 00:09:11
525,Annis,Bessant,abessantek@mlb.com,32278855,Chinook,221,2024-04-03 11:48:43
526,Gustie,Mesnard,gmesnardel@nsw.gov.au,27689015,Carberry,137,2023-06-03 13:19:34
527,Lin,Cecchi,lcecchiem@symantec.com,54802941,Mosinee,51,2023-10-21 13:58:36
528,Holly,Karet,hkareten@wordpress.com,86974498,Boyd,207,2023-07-17 08:59:06
529,Cynthea,Sancho,csanchoeo@joomla.org,78683559,Anhalt,156,2024-01-14 17:26:12
530,Enid,Goublier,egoublierep@ucsd.edu,93269396,Sunfield,72,2024-02-11 18:06:35
531,Abbey,Martello,amartelloeq@apple.com,74535283,Morning,52,2024-04-16 22:48:32
532,Maddie,Rowbrey,mrowbreyer@jugem.jp,57055120,Fisk,208,2023-11-01 20:02:03
533,Gannon,Glaysher,gglaysheres@delicious.com,39684842,Merchant,121,2024-05-10 23:44:39
534,Norry,Balasini,nbalasiniet@biglobe.ne.jp,57265113,Charing Cross,76,2023-12-25 21:51:42
535,Cosetta,Hanniger,channigereu@infoseek.co.jp,64224212,Clove,220,2023-12-05 18:15:29
536,Crista,Easterby,ceasterbyev@ebay.co.uk,34604817,Hollow Ridge,118,2024-01-13 05:18:45
537,Reeva,Meriot,rmeriotew@aboutads.info,26779552,Continental,1,2024-01-30 13:19:05
538,Brittany,Gladding,bgladdingex@purevolume.com,37060860,Twin Pines,110,2023-07-09 15:47:02
539,Saxe,Kluge,sklugeey@marketwatch.com,49227605,Merrick,54,2023-11-15 03:21:19
540,Vanny,Crouse,vcrouseez@noaa.gov,28992701,Lien,58,2023-05-28 09:43:10
541,Arlina,Nettles,anettlesf0@baidu.com,91401071,Esker,90,2024-02-12 20:07:17
542,Abbye,Dell 'Orto,adellortof1@sbwire.com,93806128,Forest,184,2024-02-12 06:28:53
543,Forster,Williment,fwillimentf2@myspace.com,60446896,Kenwood,51,2024-02-21 05:07:22
544,Cassie,Sogg,csoggf3@oaic.gov.au,66433891,Bonner,76,2023-06-16 09:35:42
545,Leland,Leek,lleekf4@tripod.com,28693898,Ludington,28,2023-08-30 05:33:16
546,Lanie,Euplate,leuplatef5@craigslist.org,93815731,Mitchell,205,2023-07-20 05:06:20
547,Marilee,Buckler,mbucklerf6@github.com,98050709,Sherman,119,2024-04-21 00:47:52
548,Cos,Kinrade,ckinradef7@artisteer.com,30288877,Eagle Crest,189,2023-10-05 10:00:54
549,Avril,Godmer,agodmerf8@smugmug.com,65904670,Arizona,31,2024-02-14 12:54:15
550,Mateo,Dadson,mdadsonf9@friendfeed.com,92252722,Westridge,35,2023-10-15 18:40:32
551,Garreth,Wines,gwinesfa@ucsd.edu,48774075,Barnett,83,2024-03-28 11:21:24
552,Dennet,Wardesworth,dwardesworthfb@google.com,43404120,Debra,17,2024-02-25 20:51:43
553,Emmi,Mart,emartfc@mit.edu,60233574,Golf View,174,2023-07-14 02:43:39
554,Cherrita,Matissoff,cmatissofffd@google.nl,63833161,Commercial,29,2024-03-04 00:16:17
555,Ed,Stileman,estilemanfe@opensource.org,53215020,Superior,156,2023-06-15 16:56:59
556,Dyna,Willcox,dwillcoxff@mashable.com,46556157,Tennyson,38,2024-02-12 21:18:24
557,Etienne,Byres,ebyresfg@cnn.com,62384863,Larry,96,2023-12-20 13:36:34
558,Amalie,Richardes,arichardesfh@sphinn.com,82772337,Johnson,99,2023-05-30 22:35:18
559,Lynnelle,Copeman,lcopemanfi@themeforest.net,52424500,Michigan,125,2023-08-30 22:50:39
560,Arri,Bransgrove,abransgrovefj@yellowbook.com,86430752,Oxford,14,2024-02-15 02:01:44
561,Nero,McAteer,nmcateerfk@nymag.com,68387413,Dayton,200,2024-04-07 00:17:43
562,Elnore,Rodriguez,erodriguezfl@skype.com,77223868,Arrowood,137,2023-11-02 17:08:32
563,Carling,Beney,cbeneyfm@prnewswire.com,75544580,Gerald,209,2023-07-16 12:48:44
564,Waldo,Woollaston,wwoollastonfn@blogspot.com,64460787,Paget,102,2023-09-22 06:09:38
565,Chev,Gauson,cgausonfo@edublogs.org,69921672,Pankratz,146,2023-07-13 17:27:37
566,Bern,Bouts,bboutsfp@home.pl,44253380,Ridgeview,162,2024-04-04 07:49:07
567,Tull,Kynaston,tkynastonfq@auda.org.au,61580248,Monument,172,2024-05-12 13:34:34
568,Wenona,Chicken,wchickenfr@intel.com,36246367,Lotheville,13,2023-10-20 02:13:07
569,Flint,Carss,fcarssfs@cisco.com,31136095,Nobel,215,2023-12-13 23:48:18
570,Chrystel,Alvares,calvaresft@github.io,56176965,Dexter,202,2024-05-03 05:44:50
571,Cathi,Rowlings,crowlingsfu@accuweather.com,40548857,Mesta,12,2024-04-16 05:53:38
572,Thomasina,Clyma,tclymafv@plala.or.jp,70852805,Kenwood,75,2023-10-07 12:14:53
573,Harrie,Crookston,hcrookstonfw@github.com,65549362,Lotheville,9,2024-04-14 17:47:33
574,Lucius,Hullett,lhullettfx@ameblo.jp,58425394,Ruskin,223,2023-08-11 19:55:04
575,Galven,Shaddick,gshaddickfy@bravesites.com,99680802,Pepper Wood,83,2024-05-04 19:05:55
576,Dion,Benjamin,dbenjaminfz@dedecms.com,66709269,Garrison,26,2023-07-31 22:12:48
577,Maurits,Phifer,mphiferg0@redcross.org,61622971,Oriole,92,2024-02-24 15:15:27
578,Betta,Roggero,broggerog1@reverbnation.com,74509955,David,134,2023-12-19 12:56:39
579,Ted,Pinxton,tpinxtong2@vk.com,61822364,Dakota,130,2023-06-14 01:02:50
580,Dell,Skade,dskadeg3@php.net,38013684,Blaine,174,2023-09-23 15:49:52
581,Johnna,Eastmond,jeastmondg4@cpanel.net,22895924,Forest Run,202,2023-11-22 06:29:18
582,Eadmund,Kornilyev,ekornilyevg5@godaddy.com,50801377,Schiller,207,2023-11-19 10:41:08
583,Emmett,Ovett,eovettg6@pagesperso-orange.fr,51418964,Marquette,148,2023-10-19 05:14:26
584,Ciro,Whitlock,cwhitlockg7@reddit.com,87146603,Hoffman,172,2023-09-02 12:01:14
585,Giraud,Rayson,graysong8@wordpress.org,93474465,Debs,201,2023-11-12 09:48:17
586,Klarrisa,MacGeaney,kmacgeaneyg9@tamu.edu,79307674,Arrowood,186,2023-05-20 19:33:49
587,Clevey,Klaassens,cklaassensga@foxnews.com,50553896,Oneill,145,2023-10-24 00:40:59
588,Andrea,Rouke,aroukegb@timesonline.co.uk,43711895,East,107,2024-01-10 20:07:30
589,Gibbie,MacGillavery,gmacgillaverygc@mlb.com,36331505,Prentice,225,2023-10-13 18:08:09
590,Ashley,Grigor,agrigorgd@abc.net.au,85978418,Superior,40,2023-07-01 02:56:42
591,Chastity,Lintott,clintottge@dion.ne.jp,52445584,Jay,221,2023-09-24 09:09:53
592,Shela,Blucher,sbluchergf@canalblog.com,39698099,Gale,19,2023-10-31 19:21:58
593,Gwyneth,Fifield,gfifieldgg@ft.com,31884265,Almo,197,2023-08-11 08:23:24
594,Gordan,Scudamore,gscudamoregh@discovery.com,72809124,Ridgeway,180,2023-10-05 18:55:03
595,Nerty,Standingford,nstandingfordgi@gizmodo.com,74186196,Anthes,94,2023-08-18 19:43:56
596,Vicki,Pernell,vpernellgj@aboutads.info,95797156,Division,56,2023-05-18 04:02:28
597,Mirna,Sorsby,msorsbygk@hubpages.com,87376352,Lyons,32,2023-10-16 03:25:17
598,Morse,Lawling,mlawlinggl@theatlantic.com,40905368,Oak,210,2024-03-09 22:37:35
599,Philippa,McCourt,pmccourtgm@hp.com,97982658,Prentice,52,2023-09-15 01:02:30
600,Quinn,D'Agostino,qdagostinogn@miitbeian.gov.cn,48810390,Cody,83,2024-01-17 20:33:09
601,Marinna,Antuk,mantukgo@tamu.edu,56449016,Prairieview,94,2023-08-23 12:13:16
602,Joanie,Checcucci,jcheccuccigp@sphinn.com,50809980,Prairieview,168,2024-02-07 01:58:49
603,Kyle,Goward,kgowardgq@phoca.cz,80405676,Colorado,19,2023-10-02 11:06:33
604,Mureil,Giannini,mgianninigr@fda.gov,92571414,Raven,76,2023-10-07 06:33:17
605,Edgar,Wilsdon,ewilsdongs@cocolog-nifty.com,86116471,Butterfield,62,2023-08-20 07:58:39
606,Travis,Purver,tpurvergt@craigslist.org,48075587,Hoard,141,2023-07-08 14:20:49
607,Reina,Rooper,rroopergu@cisco.com,28912227,Raven,172,2023-08-17 12:02:07
608,Jamima,Cowlam,jcowlamgv@cloudflare.com,35756226,Ilene,64,2023-06-17 09:36:38
609,Andeee,Kohlerman,akohlermangw@forbes.com,50985450,Esch,74,2024-03-14 02:05:18
610,Missy,Wickson,mwicksongx@un.org,74135500,School,149,2023-11-11 19:07:43
611,Heywood,Berecloth,hbereclothgy@elegantthemes.com,82527331,Beilfuss,142,2023-07-30 21:00:18
612,Marna,Taggerty,mtaggertygz@nature.com,65186079,Brentwood,119,2023-11-24 03:00:30
613,Lou,Eddisforth,leddisforthh0@gizmodo.com,92097049,Cottonwood,134,2024-02-07 08:53:10
614,Catrina,Minerdo,cminerdoh1@google.fr,28129495,Northland,157,2023-07-10 22:32:57
615,Joli,Kmiec,jkmiech2@nymag.com,82794726,Vahlen,138,2024-03-25 16:10:41
616,Brocky,Mellows,bmellowsh3@google.ca,41606455,Hallows,52,2024-02-03 00:16:12
617,Patty,Woodfine,pwoodfineh4@cloudflare.com,53894189,Clyde Gallagher,106,2023-11-28 22:31:01
618,Justinian,Bassom,jbassomh5@rambler.ru,59970185,Myrtle,169,2023-10-29 15:00:58
619,Tamas,Markus,tmarkush6@cbsnews.com,33158329,Vermont,170,2024-04-01 14:28:57
620,Vanna,Knowlden,vknowldenh7@paypal.com,51644154,Havey,99,2023-07-11 00:56:28
621,Beryle,Alesbrook,balesbrookh8@so-net.ne.jp,57754628,Lyons,163,2023-10-29 07:06:56
622,Westley,Arne,warneh9@miibeian.gov.cn,46991900,Melrose,64,2023-12-01 07:33:51
623,Candida,Skilton,cskiltonha@addthis.com,61855599,Pleasure,25,2023-12-16 11:37:47
624,Maddie,Benne,mbennehb@wp.com,65200431,Erie,15,2024-01-16 17:23:40
625,Reynolds,Elsay,relsayhc@prweb.com,21880903,Prairie Rose,7,2024-03-15 20:23:40
626,Alverta,Attenburrow,aattenburrowhd@nps.gov,42750329,Center,91,2023-06-30 06:42:30
627,Liana,Bunny,lbunnyhe@reuters.com,58148051,Blue Bill Park,194,2023-10-06 14:31:40
628,Marcus,Stutt,mstutthf@163.com,66710742,Trailsway,44,2023-10-10 01:20:20
629,Marc,Dyzart,mdyzarthg@cloudflare.com,66186236,Granby,21,2024-03-06 08:30:15
630,Dilly,Sheavills,dsheavillshh@icio.us,26513803,Golf Course,156,2024-03-31 09:37:38
631,Rorke,Pettet,rpettethi@bigcartel.com,92213147,Mccormick,58,2024-01-24 19:30:30
632,Denny,Euesden,deuesdenhj@lulu.com,21255572,Luster,71,2023-07-07 22:54:48
633,Melissa,Berry,mberryhk@amazon.com,32735765,Elka,213,2023-10-08 11:31:00
634,Gilbert,Degoix,gdegoixhl@goo.ne.jp,81500106,School,200,2024-01-03 14:02:34
635,Aleen,Francombe,afrancombehm@angelfire.com,23958911,Transport,102,2024-05-06 01:17:32
636,Saundra,Rainsbury,srainsburyhn@topsy.com,60764314,Merchant,208,2023-06-01 21:28:32
637,Lew,Perassi,lperassiho@soundcloud.com,91484021,Montana,93,2024-02-19 20:30:20
638,Kristel,Hairyes,khairyeshp@noaa.gov,93571970,Ridge Oak,97,2024-03-31 12:29:35
639,Maryanne,Judron,mjudronhq@alibaba.com,88159675,Carioca,51,2023-11-20 13:49:10
640,Roshelle,Stuehmeyer,rstuehmeyerhr@msu.edu,97506480,School,46,2023-12-25 00:56:30
641,Carolynn,Fick,cfickhs@vinaora.com,62109102,Doe Crossing,182,2023-07-15 11:35:41
642,Selena,Soars,ssoarsht@typepad.com,72433661,Duke,14,2023-07-03 18:17:26
643,Catha,Ferras,cferrashu@addtoany.com,58909505,Ryan,115,2024-03-25 14:14:55
644,Gwyneth,Jammet,gjammethv@google.pl,48009114,High Crossing,40,2024-02-09 04:41:28
645,Corey,Bethell,cbethellhw@indiatimes.com,51173649,Sycamore,129,2023-11-09 22:18:32
646,Sigrid,Halpen,shalpenhx@ucoz.com,78023167,Hooker,57,2023-09-07 17:30:18
647,Garwood,Kirton,gkirtonhy@plala.or.jp,97142257,Debs,72,2024-03-09 01:20:55
648,Mattie,Semor,msemorhz@shutterfly.com,83450556,Acker,107,2024-01-09 10:48:45
649,Edie,Mathonnet,emathonneti0@friendfeed.com,40839966,Fremont,203,2024-03-20 10:57:14
650,Ignace,Janusz,ijanuszi1@springer.com,53505340,Sunfield,114,2023-06-28 15:29:34
651,Devondra,Dear,ddeari2@ustream.tv,27902922,Surrey,20,2024-03-07 22:49:35
652,Zelig,Middleweek,zmiddleweeki3@furl.net,55563252,Veith,77,2023-06-20 02:31:01
653,Bekki,Gavaran,bgavarani4@shop-pro.jp,42903404,Prairieview,202,2023-08-11 01:11:10
654,Dell,McAughtry,dmcaughtryi5@yellowpages.com,27219607,Pawling,213,2023-12-19 10:45:00
655,Lazarus,Siegertsz,lsiegertszi6@blogtalkradio.com,32477846,Loftsgordon,83,2023-06-10 22:23:18
656,Alameda,MacDaid,amacdaidi7@acquirethisname.com,31926947,Melby,98,2024-02-22 05:29:17
657,Etti,Odeson,eodesoni8@who.int,81387148,Blaine,82,2024-03-20 00:57:43
658,Huntlee,Tamburo,htamburoi9@admin.ch,44206889,North,137,2023-09-15 18:00:14
659,Tallia,Pierse,tpierseia@phoca.cz,61200434,Grayhawk,198,2024-02-20 23:00:13
660,Dorelle,Eaves,deavesib@army.mil,77227915,Lighthouse Bay,72,2023-06-04 11:49:01
661,Fran,Langrick,flangrickic@homestead.com,50023613,Tomscot,110,2024-01-11 06:23:34
662,Teresa,Arlott,tarlottid@tiny.cc,70122722,Bay,99,2023-07-27 04:04:05
663,Lorrayne,Greim,lgreimie@princeton.edu,52628897,Arizona,189,2024-03-08 20:36:52
664,Harriette,Marie,hmarieif@altervista.org,21751536,Arrowood,199,2023-06-23 18:18:10
665,Auberta,Eskriet,aeskrietig@noaa.gov,80137463,Erie,225,2023-09-13 06:03:13
666,Goldi,Sacaze,gsacazeih@google.com.hk,66709332,7th,113,2024-02-19 23:22:54
667,Francklin,Isakowicz,fisakowiczii@de.vu,43129082,Bunker Hill,42,2023-05-21 02:13:24
668,Wyatt,McVittie,wmcvittieij@edublogs.org,95605838,Hagan,88,2023-08-05 03:39:16
669,Ajay,Lammerding,alammerdingik@jiathis.com,88612088,Goodland,24,2024-04-11 17:57:23
670,Mellisa,Blackley,mblackleyil@simplemachines.org,53627482,Evergreen,92,2024-01-09 03:38:13
671,Beverie,Gear,bgearim@ezinearticles.com,79909069,Loeprich,58,2023-11-18 16:56:15
672,Gordan,Arnaut,garnautin@paginegialle.it,81519544,Orin,196,2024-04-17 01:08:57
673,Bill,Kenforth,bkenforthio@youtu.be,49187738,Ruskin,168,2023-11-06 10:19:29
674,Nick,Kippax,nkippaxip@loc.gov,92033367,Eliot,60,2024-03-29 09:34:57
675,Adlai,Lewsy,alewsyiq@joomla.org,72014144,Walton,129,2023-09-15 20:25:47
676,Berti,Hellmore,bhellmoreir@businesswire.com,29255174,Holy Cross,46,2023-05-29 22:09:55
677,Phyllida,Hallford,phallfordis@vimeo.com,71289962,Little Fleur,174,2023-07-21 20:59:39
678,Therine,MacInherney,tmacinherneyit@zdnet.com,35738412,Anzinger,184,2024-05-08 19:15:30
679,Spenser,Naisbet,snaisbetiu@un.org,67423264,Ryan,30,2023-09-27 11:51:44
680,Urbanus,Chase,uchaseiv@ted.com,68495286,Harper,44,2024-01-09 00:02:35
681,Ryon,Gasnell,rgasnelliw@reverbnation.com,53909326,Ridge Oak,127,2023-11-25 13:44:50
682,Clemente,Symmers,csymmersix@jalbum.net,35210852,Knutson,60,2024-03-09 03:00:10
683,Fancie,Scotchmur,fscotchmuriy@chron.com,39335614,Dahle,225,2023-10-22 01:13:19
684,Edouard,Langfat,elangfatiz@ed.gov,32302710,Mariners Cove,95,2023-08-30 08:01:50
685,Krishna,Olenchikov,kolenchikovj0@ustream.tv,41716153,Lerdahl,33,2023-10-19 02:04:26
686,Finley,Glew,fglewj1@earthlink.net,80213278,Pond,83,2023-11-28 13:27:55
687,Charmain,Osband,cosbandj2@nih.gov,71624595,Mccormick,177,2023-08-14 21:51:01
688,Gianna,Daine,gdainej3@ameblo.jp,32954110,Atwood,61,2024-02-01 17:13:25
689,Peirce,Kernar,pkernarj4@networkadvertising.org,29103088,Redwing,61,2023-06-07 14:07:09
690,Grethel,Blewitt,gblewittj5@dyndns.org,23470922,Cody,74,2023-05-22 07:19:26
691,Shandy,Hawkslee,shawksleej6@gizmodo.com,69701794,Hoffman,213,2024-05-04 18:03:39
692,Janey,Hulke,jhulkej7@admin.ch,50327689,Westerfield,105,2023-09-22 07:03:49
693,Erda,McQuarter,emcquarterj8@amazon.co.uk,52353437,Morningstar,80,2023-10-06 18:35:00
694,Wilie,Walsh,wwalshj9@hexun.com,45397618,Johnson,189,2023-10-11 07:36:51
695,Lazar,Borris,lborrisja@shop-pro.jp,82550867,Texas,26,2024-01-22 06:43:03
696,Sidnee,Hehir,shehirjb@noaa.gov,56342185,Garrison,24,2023-10-07 16:16:16
697,Les,Broxis,lbroxisjc@home.pl,55565699,Annamark,152,2023-08-04 13:48:43
698,Nerti,MacDaid,nmacdaidjd@so-net.ne.jp,31864138,Kipling,220,2024-04-04 01:04:45
699,Thorvald,Houseley,thouseleyje@earthlink.net,92730018,Meadow Ridge,176,2024-01-13 05:07:22
700,Joelle,Hawker,jhawkerjf@squarespace.com,68094276,Canary,114,2023-10-08 14:31:19
701,Kean,Hankey,khankeyjg@youku.com,44251245,Norway Maple,207,2023-08-04 07:09:49
702,Glynn,Jopson,gjopsonjh@amazon.co.jp,51125763,Pine View,117,2024-04-11 06:21:31
703,Ellissa,McCluney,emccluneyji@ca.gov,97540676,Monica,46,2023-08-06 11:13:04
704,Wallis,Memmory,wmemmoryjj@tmall.com,74347494,Brown,137,2024-04-29 12:06:53
705,Saudra,Bussel,sbusseljk@va.gov,94012185,Cardinal,75,2024-04-29 16:08:56
706,Kipper,Saunter,ksaunterjl@ycombinator.com,78760731,Raven,24,2023-09-28 06:22:49
707,Rancell,Grzelczyk,rgrzelczykjm@skyrock.com,92973369,Northridge,57,2024-03-13 13:02:44
708,Margarete,Sweedland,msweedlandjn@eventbrite.com,61635960,Thompson,132,2023-11-13 00:31:54
709,Tuck,Best,tbestjo@miibeian.gov.cn,53117212,Arrowood,77,2024-04-19 03:15:57
710,Jerald,Eggerton,jeggertonjp@flickr.com,38583312,Southridge,83,2023-08-24 23:31:35
711,Nico,Burlingame,nburlingamejq@hostgator.com,33837731,Jay,211,2023-12-24 15:33:06
712,Jenica,Brosius,jbrosiusjr@prlog.org,76732600,Bonner,164,2024-04-23 17:32:18
713,Fidole,Morison,fmorisonjs@themeforest.net,52200448,Gateway,155,2023-08-01 06:16:03
714,Lyell,Kenwell,lkenwelljt@princeton.edu,47652355,Hansons,201,2024-04-05 08:09:21
715,Janith,Burrill,jburrillju@goo.ne.jp,56211186,Bartelt,150,2023-10-05 08:13:46
716,Valida,Sorrie,vsorriejv@cornell.edu,29906647,Hovde,98,2024-01-06 12:32:50
717,Leighton,Dell'Abbate,ldellabbatejw@odnoklassniki.ru,22752747,Lotheville,86,2023-09-07 07:27:52
718,Quinlan,Costley,qcostleyjx@cbc.ca,30381342,Tennyson,95,2023-08-10 01:05:03
719,Cos,Ashpital,cashpitaljy@behance.net,31620553,Shelley,90,2023-11-20 18:51:59
720,Ronnica,Dressel,rdresseljz@baidu.com,67551090,Union,5,2024-03-06 05:17:55
721,Sandy,Tattershaw,stattershawk0@state.tx.us,55404826,Burning Wood,121,2023-07-28 10:37:57
722,Uri,Tue,utuek1@hubpages.com,46687155,Buell,62,2023-09-17 17:10:45
723,Johnette,Casillas,jcasillask2@photobucket.com,29656030,Crowley,129,2024-02-12 17:53:35
724,Link,David,ldavidk3@fc2.com,47118915,Reindahl,219,2023-11-14 01:27:24
725,Nevin,Jedrzejewski,njedrzejewskik4@photobucket.com,67461823,Briar Crest,22,2023-11-18 15:20:14
726,Darrick,Yushin,dyushink5@tinyurl.com,87532413,Sheridan,106,2023-05-18 21:43:17
727,Hilliary,Blackwell,hblackwellk6@paypal.com,38655891,West,93,2024-04-06 02:22:57
728,Prentice,Carles,pcarlesk7@geocities.jp,79406537,Dexter,193,2024-02-18 19:02:07
729,Jacquenette,Merrin,jmerrink8@php.net,24261209,Montana,26,2023-12-05 07:19:10
730,Casie,Colquete,ccolquetek9@smh.com.au,37009332,Dunning,73,2023-06-03 21:16:06
731,Courtenay,Wastell,cwastellka@nymag.com,60269370,Blue Bill Park,96,2024-03-14 14:15:25
732,Daron,Geerdts,dgeerdtskb@netvibes.com,40213508,Miller,118,2024-03-30 08:24:18
733,Carlyle,Stormouth,cstormouthkc@bloglines.com,84519207,Commercial,64,2023-12-25 06:17:55
734,Mariam,Liddington,mliddingtonkd@amazon.com,60975908,Grim,221,2024-02-11 05:25:07
735,Desmund,Farncomb,dfarncombke@quantcast.com,72680369,Hermina,25,2023-10-28 03:19:40
736,Chryste,Meneer,cmeneerkf@dot.gov,82356517,Stang,27,2024-04-17 01:38:00
737,Fabien,Ruggles,fruggleskg@gnu.org,34141025,Forest Dale,88,2023-05-19 11:08:02
738,Jarrett,Syddall,jsyddallkh@flavors.me,31611082,Vera,107,2023-06-11 03:09:34
739,Hill,Duthie,hduthieki@hubpages.com,24926647,Dixon,46,2023-06-26 01:26:02
740,Kaitlyn,Glidder,kglidderkj@blinklist.com,75252373,Montana,84,2024-04-07 06:55:32
741,Remus,Bozward,rbozwardkk@amazonaws.com,25018731,Vera,80,2023-08-29 19:28:53
742,Randie,Eilert,reilertkl@wordpress.org,84072204,Butterfield,69,2023-10-14 23:49:46
743,Selma,Peperell,speperellkm@myspace.com,27741103,Blaine,56,2024-02-10 18:01:49
744,Lissi,Baumford,lbaumfordkn@parallels.com,30352531,Forster,143,2024-05-05 15:10:17
745,Cecil,Schild,cschildko@whitehouse.gov,72018171,Dahle,79,2024-02-13 04:52:18
746,Angelo,Lacrouts,alacroutskp@thetimes.co.uk,22242064,Sherman,155,2023-05-23 20:16:47
747,Elsworth,Iacapucci,eiacapuccikq@com.com,50266146,Myrtle,106,2023-12-18 23:26:02
748,Lucius,Stowgill,lstowgillkr@zimbio.com,36572124,Bashford,144,2024-01-27 19:04:11
749,Rayner,Iacovozzo,riacovozzoks@examiner.com,74936334,Pankratz,97,2023-11-25 17:47:49
750,Shayne,Gilstin,sgilstinkt@umich.edu,22436433,Larry,71,2023-07-31 11:14:21
751,Dore,Elland,dellandku@people.com.cn,78070531,Northport,88,2024-02-13 05:52:56
752,Davis,Noddles,dnoddleskv@lycos.com,91199575,Autumn Leaf,94,2023-06-07 18:28:30
753,Fabe,Longley,flongleykw@constantcontact.com,47692575,Bunting,87,2023-06-30 11:34:20
754,Glenn,Craxford,gcraxfordkx@mapy.cz,47682179,Gulseth,80,2024-01-31 20:21:31
755,Gleda,Feehan,gfeehanky@sourceforge.net,53616221,Golf Course,206,2024-05-06 02:52:17
756,Adelaida,Easey,aeaseykz@ifeng.com,85455948,Armistice,52,2023-11-16 17:22:46
757,Andros,Bosward,aboswardl0@wufoo.com,80540902,Heffernan,203,2024-05-06 02:07:43
758,Howie,Kenford,hkenfordl1@dedecms.com,60322162,Gulseth,138,2023-09-23 15:29:19
759,Evelyn,Douty,edoutyl2@hatena.ne.jp,42349921,Scott,96,2024-02-07 13:41:03
760,Annie,Brenard,abrenardl3@slashdot.org,63502040,Pleasure,118,2023-07-11 14:51:25
761,Ric,Nottingham,rnottinghaml4@pagesperso-orange.fr,97096201,Milwaukee,193,2023-10-19 06:35:16
762,Jonathan,Barmadier,jbarmadierl5@about.com,80845069,Anzinger,214,2023-12-28 21:10:07
763,Ariel,Toft,atoftl6@pcworld.com,53701108,Moland,145,2023-07-18 04:40:30
764,Gates,Puddifer,gpuddiferl7@wp.com,35414831,East,21,2024-02-08 06:15:43
765,Alphonse,Thomtson,athomtsonl8@unicef.org,30640608,Arapahoe,30,2024-05-07 14:40:13
766,Cleo,Mueller,cmuellerl9@freewebs.com,99906130,Weeping Birch,64,2024-03-25 18:39:33
767,Kimberli,Shoebotham,kshoebothamla@time.com,95085321,Pawling,225,2024-05-06 11:25:27
768,Clarita,Siggins,csigginslb@prweb.com,92160852,Becker,42,2023-07-24 04:28:00
769,Ursulina,Hacket,uhacketlc@quantcast.com,42040892,Kedzie,153,2024-02-19 08:44:03
770,Camila,Bruckshaw,cbruckshawld@uol.com.br,32778699,Lyons,18,2023-09-18 16:36:58
771,Bennie,Lawee,blaweele@discovery.com,56400104,Heffernan,219,2024-05-11 13:53:07
772,Sigfrid,Terzo,sterzolf@blog.com,67139636,Maple Wood,121,2023-07-26 19:30:34
773,Merrilee,Lehrian,mlehrianlg@wiley.com,95529572,Norway Maple,38,2023-09-13 21:29:28
774,Cassius,Izod,cizodlh@youtu.be,65170421,Bellgrove,106,2023-09-05 14:17:39
775,Kinsley,Antoni,kantonili@tinyurl.com,27902829,Harbort,218,2023-12-31 23:01:54
776,Abbie,Brodest,abrodestlj@princeton.edu,52718161,Dahle,122,2023-06-28 17:24:32
777,Geralda,Birtley,gbirtleylk@sphinn.com,41392664,American Ash,38,2023-07-18 16:16:47
778,Brunhilde,Deane,bdeanell@merriam-webster.com,22201225,Alpine,201,2023-05-30 12:49:59
779,Feliza,Pragnall,fpragnalllm@reuters.com,30653368,Carpenter,157,2023-07-31 08:05:01
780,Raymund,Ruf,rrufln@networkadvertising.org,54032458,Hagan,181,2023-10-07 15:39:32
781,Britteny,Hunnicot,bhunnicotlo@yelp.com,74941147,Doe Crossing,6,2023-07-11 04:17:58
782,Claiborne,Littrick,clittricklp@theatlantic.com,62067205,Hudson,108,2023-10-18 09:14:56
783,Jerrilyn,Shenfish,jshenfishlq@163.com,64694448,Magdeline,55,2024-03-07 17:13:09
784,Addi,Billiard,abilliardlr@hatena.ne.jp,25218021,Sauthoff,145,2023-09-08 18:45:29
785,Virgina,Spare,vsparels@jigsy.com,86953005,Prentice,15,2023-09-01 04:37:13
786,Boniface,Bothe,bbothelt@scribd.com,95038744,Michigan,152,2024-05-02 23:14:19
787,Saul,Lynett,slynettlu@hostgator.com,65886676,Sheridan,183,2023-07-29 10:07:25
788,Aridatha,Pautard,apautardlv@gov.uk,82336473,Granby,39,2023-07-01 01:01:20
789,Doy,Beamish,dbeamishlw@npr.org,68346517,Grover,3,2023-12-23 06:30:41
790,Roxy,Brinkley,rbrinkleylx@rakuten.co.jp,89869526,Carey,220,2023-10-29 12:46:26
791,Gabby,Chainey,gchaineyly@shinystat.com,27410508,Forest Dale,91,2023-06-04 01:37:24
792,Sosanna,Rawsthorne,srawsthornelz@google.es,81150472,Sullivan,91,2023-09-08 08:38:03
793,Billye,Riddich,briddichm0@printfriendly.com,31081093,Westport,71,2023-11-25 17:03:51
794,Rozina,Bewfield,rbewfieldm1@admin.ch,28962311,Butternut,135,2024-02-29 05:59:02
795,Alexandrina,Habin,ahabinm2@fc2.com,34514015,Monterey,72,2024-02-04 22:43:54
796,Cassaundra,Beardsall,cbeardsallm3@hc360.com,62214431,Victoria,219,2023-07-20 22:31:14
797,Giffy,Iacobassi,giacobassim4@instagram.com,34644741,6th,102,2023-11-19 20:49:34
798,Ramonda,Bedo,rbedom5@mysql.com,68515061,Morningstar,222,2023-06-04 11:41:52
799,Myranda,Chant,mchantm6@newsvine.com,88447690,Fulton,220,2023-06-09 19:20:53
800,Delly,Raylton,drayltonm7@com.com,43957270,Magdeline,113,2023-09-15 23:34:59
801,Carmelita,Yonnie,cyonniem8@reddit.com,57047036,Meadow Ridge,225,2024-05-05 22:12:39
802,Adena,Legerwood,alegerwoodm9@xing.com,43623250,Longview,215,2024-04-26 00:16:17
803,Cheri,Kittles,ckittlesma@com.com,60478287,Pepper Wood,165,2024-01-12 13:14:31
804,Radcliffe,Raoul,rraoulmb@elpais.com,66594821,Dexter,53,2023-07-23 18:27:23
805,Bryn,Dilger,bdilgermc@dyndns.org,40024581,Almo,52,2023-06-17 15:41:53
806,Ignacius,Purnell,ipurnellmd@slideshare.net,99421148,Birchwood,188,2023-05-22 13:23:27
807,Florri,Zima,fzimame@examiner.com,92269030,Main,116,2024-04-12 09:06:39
808,Candide,Blanch,cblanchmf@mlb.com,27400492,Brickson Park,206,2023-10-21 22:11:11
809,Tina,Kehir,tkehirmg@sfgate.com,64175263,East,148,2023-08-08 05:19:47
810,Dore,Sumpner,dsumpnermh@fastcompany.com,94809817,Oak,31,2023-12-11 16:40:16
811,Codie,Chalfont,cchalfontmi@barnesandnoble.com,98335041,Birchwood,107,2023-11-02 21:09:32
812,Giavani,Ketteringham,gketteringhammj@house.gov,72182429,Macpherson,162,2023-09-28 07:34:04
813,Coralyn,Glentworth,cglentworthmk@meetup.com,94776385,Fallview,214,2023-10-16 13:26:16
814,Davidde,Caudelier,dcaudelierml@squidoo.com,88951388,Longview,90,2024-02-21 23:09:03
815,Pierson,Vauls,pvaulsmm@moonfruit.com,34624467,Golf View,226,2024-04-20 04:39:12
816,Gabie,Cawcutt,gcawcuttmn@alexa.com,40535982,Manitowish,37,2024-01-28 02:11:24
817,Moses,Peacop,mpeacopmo@scribd.com,62985564,Vera,148,2023-10-10 03:59:52
818,Perceval,Zanazzi,pzanazzimp@friendfeed.com,94706145,Lakewood,135,2024-04-14 06:03:42
819,Nikki,Parnham,nparnhammq@jiathis.com,94691418,Miller,152,2023-10-31 15:36:40
820,Stinky,Eytel,seytelmr@nifty.com,71476551,Twin Pines,103,2023-07-31 15:44:57
821,Carroll,Stockow,cstockowms@liveinternet.ru,87670576,Jana,103,2024-04-11 23:58:11
822,Saloma,Nyles,snylesmt@4shared.com,62858209,Scott,219,2023-06-30 02:25:54
823,Hank,Tabbitt,htabbittmu@ihg.com,62373570,Raven,219,2023-11-23 12:52:09
824,Sarette,Pengilley,spengilleymv@sogou.com,73437440,Esker,167,2023-08-04 09:23:55
825,Britt,Watkinson,bwatkinsonmw@github.io,44598395,Dwight,170,2023-10-24 17:40:53
826,Evangelia,Duffan,eduffanmx@printfriendly.com,90491834,Becker,127,2023-08-04 07:37:33
827,Jessie,Tomanek,jtomanekmy@lulu.com,63165580,Lillian,121,2023-08-06 05:42:23
828,Jami,Housiaux,jhousiauxmz@tamu.edu,32866648,Sauthoff,146,2023-10-22 10:36:01
829,Mair,Cockshoot,mcockshootn0@meetup.com,90419527,Cody,97,2023-05-27 02:59:16
830,Ronnie,O'Hartigan,rohartigann1@posterous.com,59121733,Norway Maple,156,2023-10-12 08:13:26
831,Vivyan,Gartsyde,vgartsyden2@canalblog.com,91247852,Rieder,127,2023-07-23 15:21:52
832,Carlo,Gorden,cgordenn3@hibu.com,49281662,Main,91,2024-01-30 18:12:22
833,Xavier,Cubbon,xcubbonn4@instagram.com,38845322,Rutledge,140,2023-07-05 18:15:19
834,Jerrie,Lucy,jlucyn5@cisco.com,61297520,Blaine,22,2024-04-11 05:52:35
835,Zondra,Headey,zheadeyn6@canalblog.com,64197075,Green,165,2023-12-29 16:13:49
836,Chrotoem,Babbage,cbabbagen7@infoseek.co.jp,37856080,Schiller,120,2024-05-05 04:44:20
837,Derril,Lutsch,dlutschn8@cnet.com,46639965,Hayes,78,2023-09-29 17:42:32
838,Liz,Seamans,lseamansn9@prlog.org,26954454,Shoshone,40,2023-07-27 23:10:57
839,Tades,Warlaw,twarlawna@miitbeian.gov.cn,43575818,Sage,81,2023-11-17 07:25:30
840,Shurlocke,Clerke,sclerkenb@illinois.edu,56493492,Northfield,214,2024-04-17 03:17:55
841,Natala,Crossfield,ncrossfieldnc@theguardian.com,68304910,Straubel,16,2024-03-26 17:00:03
842,Euphemia,Killock,ekillocknd@umn.edu,21830095,Homewood,181,2023-05-21 22:45:11
843,Christabella,Cheales,cchealesne@apple.com,77893040,Walton,153,2023-10-24 03:10:34
844,Toni,Cussins,tcussinsnf@seesaa.net,36608098,Arapahoe,89,2023-12-31 08:07:04
845,Joellen,Wedderburn,jwedderburnng@quantcast.com,41212151,Almo,13,2023-12-17 23:19:45
846,Lee,McClunaghan,lmcclunaghannh@pcworld.com,66091020,Fallview,7,2024-04-14 10:01:29
847,Benedikta,Gandar,bgandarni@spotify.com,81053692,Clove,122,2024-03-04 16:29:47
848,Durand,Tunuy,dtunuynj@wunderground.com,43718732,Forest,202,2024-04-15 10:30:15
849,Hortense,O'Loinn,holoinnnk@wikia.com,85507304,Bonner,212,2024-03-27 03:42:54
850,Marcia,Samwell,msamwellnl@xrea.com,47500681,Cottonwood,124,2024-02-18 17:13:35
851,Gwenore,Shire,gshirenm@wsj.com,44010999,Shopko,46,2024-01-12 11:28:57
852,Brady,Oakenford,boakenfordnn@live.com,53005141,Meadow Ridge,49,2023-11-28 18:19:08
853,Justin,Alten,jaltenno@seattletimes.com,26137619,Heath,109,2023-06-26 04:34:07
854,Boycey,Gaiter,bgaiternp@privacy.gov.au,66734721,Springs,111,2023-11-04 15:37:10
855,Briana,Wormald,bwormaldnq@tinypic.com,93154079,Union,24,2023-06-02 02:04:10
856,Elsy,Kenlin,ekenlinnr@sun.com,70493162,Garrison,208,2024-01-06 22:45:18
857,Arline,Cleveland,aclevelandns@plala.or.jp,43199258,Kennedy,195,2023-08-10 10:15:23
858,Teirtza,Howick,thowicknt@trellian.com,93128769,Norway Maple,10,2024-05-01 07:50:09
859,Ingelbert,Body,ibodynu@upenn.edu,43575163,Holmberg,158,2023-11-16 09:25:32
860,Leonore,Febre,lfebrenv@ucoz.ru,61828677,Sauthoff,44,2023-08-26 09:22:44
861,Ferdie,Scandwright,fscandwrightnw@dedecms.com,45130449,Johnson,121,2023-09-11 21:42:55
862,Teddie,Tideswell,ttideswellnx@rambler.ru,87919669,Milwaukee,24,2023-06-09 14:09:33
863,Jsandye,Kernar,jkernarny@amazon.co.jp,97489823,Forest Dale,1,2023-11-16 05:54:39
864,Richard,Dicky,rdickynz@soup.io,45815122,Village,78,2023-05-18 18:36:07
865,Pollyanna,Butterfint,pbutterfinto0@webmd.com,72357154,Pierstorff,87,2023-08-16 04:28:36
866,Ginevra,Rounding,groundingo1@noaa.gov,87631435,Bellgrove,102,2023-10-31 19:27:05
867,Homer,Kilcullen,hkilculleno2@squarespace.com,50309748,Weeping Birch,113,2024-04-20 18:45:49
868,Alfreda,Kohn,akohno3@hubpages.com,25381231,Bunting,101,2023-08-03 06:20:39
869,Humfrey,Learoid,hlearoido4@domainmarket.com,95726105,Northfield,199,2024-04-07 13:56:47
870,Brandtr,Hasser,bhassero5@google.de,55039912,Huxley,39,2024-04-09 11:26:23
871,Debra,Jaspar,djasparo6@twitter.com,44412124,Meadow Valley,165,2024-04-17 18:53:51
872,Wilfred,Martensen,wmartenseno7@hatena.ne.jp,49985317,Pleasure,196,2023-12-30 10:22:36
873,Benji,Callum,bcallumo8@psu.edu,35019887,Vidon,135,2024-04-27 03:25:55
874,Keri,Zimmermanns,kzimmermannso9@dailymail.co.uk,84947382,Manufacturers,17,2023-07-24 07:18:31
875,Laney,McCurtain,lmccurtainoa@seesaa.net,30112372,Sunnyside,39,2023-06-19 02:23:01
876,Rosalind,Goldwater,rgoldwaterob@ibm.com,22178865,Union,114,2023-10-25 21:18:14
877,Cord,Doby,cdobyoc@blog.com,46026107,Autumn Leaf,22,2023-09-09 13:58:33
878,Barris,Skeete,bskeeteod@over-blog.com,50250492,Butterfield,144,2024-02-16 10:34:09
879,Frasco,Thirkettle,fthirkettleoe@xing.com,67934872,Tomscot,112,2023-09-26 14:54:04
880,Ange,Dowdle,adowdleof@unblog.fr,27073193,Buell,73,2023-09-05 13:42:12
881,Mallory,Veldens,mveldensog@oakley.com,46137934,Cascade,158,2023-10-19 19:30:43
882,Wanda,Gillease,wgilleaseoh@newyorker.com,66728416,Eagle Crest,90,2023-12-25 18:59:56
883,Jesse,Davidovics,jdavidovicsoi@mlb.com,72910557,6th,4,2023-08-20 02:59:31
884,Brnaba,Fishbourne,bfishbourneoj@marketwatch.com,71120652,Bay,5,2024-02-09 21:31:07
885,Alano,Alexandrescu,aalexandrescuok@geocities.jp,66046671,Columbus,104,2024-04-27 13:13:54
886,Maxie,Branscomb,mbranscombol@un.org,32452334,Sloan,72,2023-05-24 00:46:16
887,Nicole,Kitchinghan,nkitchinghanom@paginegialle.it,87951493,Sommers,92,2024-01-09 07:20:36
888,Teriann,Slowly,tslowlyon@istockphoto.com,76179905,Muir,91,2024-03-06 11:21:13
889,Alvie,Rolph,arolphoo@indiegogo.com,95079531,Vermont,225,2024-01-07 18:25:44
890,Dania,Dawidsohn,ddawidsohnop@reference.com,53940019,Dottie,133,2023-11-16 11:16:32
891,Misti,Gotmann,mgotmannoq@drupal.org,36144735,Kinsman,93,2024-01-22 22:56:41
892,Mignonne,Yankishin,myankishinor@huffingtonpost.com,32818299,Hansons,32,2023-11-02 18:32:31
893,Murry,Fludgate,mfludgateos@so-net.ne.jp,96625187,Jackson,184,2024-04-18 07:11:08
894,Winslow,McCrea,wmccreaot@wsj.com,60747746,Roxbury,152,2023-08-24 10:31:16
895,Angelica,Teeney,ateeneyou@wix.com,45307255,Maple,165,2023-07-07 05:13:05
896,Rosemaria,Attwill,rattwillov@ft.com,40192819,Continental,56,2023-07-22 22:31:23
897,Marillin,Bollard,mbollardow@stumbleupon.com,73215728,Towne,69,2023-07-15 01:45:12
898,Wilek,Larrington,wlarringtonox@cbc.ca,58877670,West,66,2023-11-25 13:15:10
899,Lishe,Sugge,lsuggeoy@amazon.de,30075394,Londonderry,118,2024-04-11 01:40:51
900,Simmonds,Leahy,sleahyoz@t-online.de,82606585,Shopko,171,2024-03-24 00:58:33
901,Cristi,Facey,cfaceyp0@devhub.com,40835625,Kennedy,107,2024-03-30 11:19:33
902,Reynard,Angell,rangellp1@fda.gov,88306020,Rockefeller,221,2024-04-20 03:45:10
903,Atalanta,Madre,amadrep2@ucoz.com,85518601,Del Sol,147,2024-01-28 03:30:34
904,Karil,Sheed,ksheedp3@ftc.gov,75128308,Mariners Cove,70,2023-08-11 02:34:38
905,Fan,Presswell,fpresswellp4@slideshare.net,61514913,Pine View,21,2023-09-27 12:36:12
906,Quincey,Wermerling,qwermerlingp5@reverbnation.com,52197706,Fisk,62,2024-04-11 09:04:20
907,Aleece,Founds,afoundsp6@so-net.ne.jp,30938829,Merry,150,2023-10-21 10:14:21
908,Terese,Frape,tfrapep7@shinystat.com,80583438,Golf Course,189,2023-09-07 10:24:12
909,Pernell,Sturgis,psturgisp8@mayoclinic.com,96009083,Sachs,145,2024-04-09 09:19:28
910,Raddy,Milesap,rmilesapp9@sfgate.com,73237573,Washington,148,2024-04-18 06:57:45
911,Morgana,Redwall,mredwallpa@pagesperso-orange.fr,97021334,Raven,135,2024-03-15 10:19:08
912,Quinta,Vauls,qvaulspb@cocolog-nifty.com,49962625,Acker,151,2024-03-24 15:20:51
913,Stephana,Perschke,sperschkepc@ed.gov,95600007,Ilene,162,2024-01-30 19:37:54
914,Di,Bruun,dbruunpd@google.com.hk,28083831,Russell,205,2024-01-09 20:12:19
915,Gwyn,Vinas,gvinaspe@twitpic.com,54946006,Dayton,215,2023-08-19 12:09:01
916,Micah,O'Brallaghan,mobrallaghanpf@google.nl,56203127,Brown,97,2024-03-05 20:06:17
917,Bartholomeus,Pigny,bpignypg@mediafire.com,26325750,Forest Run,184,2023-11-10 21:25:31
918,Homerus,Farherty,hfarhertyph@hubpages.com,53121202,Superior,14,2024-04-21 17:33:02
919,Boote,Tredgold,btredgoldpi@cdbaby.com,92903652,Iowa,56,2024-02-06 10:12:40
920,Krishnah,Perri,kperripj@foxnews.com,25871844,Di Loreto,75,2023-06-15 02:14:20
921,Cordie,Petrushka,cpetrushkapk@wikia.com,34155181,Grover,224,2023-09-21 04:15:26
922,Waldo,Rey,wreypl@usa.gov,73370756,Riverside,167,2023-11-16 16:55:06
923,Lora,Gierek,lgierekpm@free.fr,99053654,Hollow Ridge,73,2023-07-02 16:16:20
924,Bryn,Draude,bdraudepn@g.co,55742570,Grayhawk,112,2023-08-14 18:36:30
925,Red,Korting,rkortingpo@hostgator.com,81807533,Magdeline,8,2024-04-06 15:52:04
926,Jessey,O'Hear,johearpp@nifty.com,92054292,Sunbrook,77,2024-03-16 02:00:13
927,Ronalda,Maslen,rmaslenpq@alexa.com,86643827,Carberry,207,2023-08-13 19:56:56
928,Ernie,Chisholme,echisholmepr@imageshack.us,97129931,Sherman,206,2023-07-30 14:35:55
929,Elvin,D'Ugo,edugops@harvard.edu,47979518,Manley,19,2024-02-15 18:59:18
930,Essy,Huffadine,ehuffadinept@tinypic.com,55620705,Eagan,166,2024-03-20 00:52:44
931,Berty,Pettipher,bpettipherpu@marriott.com,75331319,Rutledge,200,2023-11-18 23:55:54
932,Amelie,Draycott,adraycottpv@usatoday.com,83441033,Memorial,224,2023-11-22 19:17:30
933,Zed,Burghill,zburghillpw@cbc.ca,41447304,Killdeer,139,2024-02-04 00:43:15
934,Patty,Gaskins,pgaskinspx@dedecms.com,52155952,Moulton,118,2024-04-23 22:04:12
935,Euell,Bott,ebottpy@infoseek.co.jp,61807883,Amoth,146,2024-05-02 00:24:20
936,Armando,Cattach,acattachpz@google.fr,42165375,Maryland,24,2023-11-18 21:09:52
937,Abigael,Goodbanne,agoodbanneq0@europa.eu,99474565,Emmet,95,2024-04-30 19:50:15
938,Hamnet,Kliement,hkliementq1@irs.gov,25341129,Mesta,185,2023-12-06 15:50:37
939,Inger,Foggarty,ifoggartyq2@gizmodo.com,98622777,Lindbergh,98,2023-07-22 19:17:31
940,Lebbie,Nixon,lnixonq3@meetup.com,58240300,Summer Ridge,7,2023-11-29 12:10:01
941,Eadith,Danniell,edanniellq4@newyorker.com,42953455,Corry,108,2024-02-25 06:06:24
942,Robyn,Tunmore,rtunmoreq5@gizmodo.com,67925439,Calypso,17,2023-10-30 22:07:53
943,Kelsi,Simco,ksimcoq6@edublogs.org,29206710,Moland,144,2023-09-15 18:14:29
944,Lauryn,Demaid,ldemaidq7@stumbleupon.com,64642066,Grim,13,2023-05-21 15:23:23
945,Roarke,Guenther,rguentherq8@illinois.edu,31408930,Petterle,125,2024-05-11 15:26:56
946,Orson,Fink,ofinkq9@ihg.com,30759788,Emmet,176,2023-08-21 20:46:47
947,Val,Bohl,vbohlqa@umich.edu,34414065,Loeprich,195,2023-09-26 08:34:29
948,Griz,Pietruszewicz,gpietruszewiczqb@loc.gov,26605018,Merchant,8,2024-02-13 20:47:45
949,Domenic,Foxten,dfoxtenqc@timesonline.co.uk,78049437,Dennis,21,2023-12-21 13:07:08
950,Sydney,Oates,soatesqd@springer.com,94261332,Forster,43,2023-07-27 02:26:38
951,Margarethe,Metcalf,mmetcalfqe@latimes.com,35980833,Hoepker,191,2024-03-03 13:33:47
952,Fidole,Utley,futleyqf@cargocollective.com,23949872,Quincy,138,2023-12-14 15:21:36
953,Linda,Piborn,lpibornqg@gizmodo.com,47262324,Kensington,123,2023-08-14 19:23:09
954,Eziechiele,Mapledoore,emapledooreqh@bing.com,61473614,Hoffman,162,2024-04-06 06:34:25
955,Godfry,Borges,gborgesqi@geocities.com,40736324,Towne,187,2024-05-04 22:39:13
956,Cy,Colicot,ccolicotqj@chronoengine.com,80954424,Center,20,2023-09-30 18:12:55
957,Alard,Frape,afrapeqk@hatena.ne.jp,86427420,Hoffman,138,2023-11-23 08:22:59
958,Lizzy,Allans,lallansql@taobao.com,48752028,Almo,191,2023-11-10 21:49:39
959,Astrid,Werrit,awerritqm@sphinn.com,40259337,Randy,201,2023-07-01 01:33:25
960,Lynne,Ivchenko,livchenkoqn@unblog.fr,22200378,Huxley,229,2024-04-08 18:15:45
961,Reggie,Pietesch,rpieteschqo@harvard.edu,53572021,Mallory,220,2024-01-30 12:45:45
962,Mendel,Balazin,mbalazinqp@bloglines.com,83983130,Eggendart,47,2023-11-04 00:29:40
963,Hatti,Keggin,hkegginqq@nymag.com,81215713,Oneill,50,2023-05-18 19:49:27
964,Delainey,Haggerstone,dhaggerstoneqr@altervista.org,58501604,Montana,227,2023-07-09 16:29:07
965,Waly,Calcraft,wcalcraftqs@tripod.com,57222737,Lillian,69,2023-11-20 13:23:02
966,Darrel,Witherow,dwitherowqt@jugem.jp,97980027,Norway Maple,38,2024-03-29 12:22:41
967,Enriqueta,Haggar,ehaggarqu@free.fr,53904618,Manley,177,2023-06-15 05:34:34
968,Rozelle,MacGorley,rmacgorleyqv@noaa.gov,77943185,Knutson,85,2023-09-23 09:30:03
969,Hetty,Rolls,hrollsqw@cyberchimps.com,45843140,Stang,187,2023-08-29 06:19:00
970,Anallise,Lusk,aluskqx@topsy.com,49902900,Jay,181,2023-05-27 06:15:10
971,Booth,D'Orsay,bdorsayqy@goo.gl,75032581,Arkansas,41,2023-09-26 17:31:14
972,Mandy,Goodright,mgoodrightqz@1und1.de,87541568,Heath,170,2024-03-04 11:45:43
973,Masha,Skaid,mskaidr0@sphinn.com,99118894,Stephen,42,2024-03-09 02:38:34
974,Aymer,Wayon,awayonr1@tumblr.com,82143874,Delladonna,134,2023-07-06 17:30:54
975,Ambrosius,O'Sheerin,aosheerinr2@usa.gov,89737313,Dunning,149,2024-02-09 14:51:26
976,Nerti,Purle,npurler3@shutterfly.com,96082726,Bluestem,91,2023-08-16 12:12:16
977,Keelia,Bracknall,kbracknallr4@loc.gov,28434783,Jana,62,2024-05-16 14:21:27
978,Nerti,Baggot,nbaggotr5@alibaba.com,60897115,Mitchell,142,2024-02-28 17:48:26
979,Rowney,Wrenn,rwrennr6@nifty.com,28052520,Armistice,125,2024-01-17 21:50:35
980,Alleen,Hawse,ahawser7@sakura.ne.jp,26945572,Scoville,123,2023-05-19 09:04:14
981,Lee,Trunby,ltrunbyr8@auda.org.au,62466988,Bartelt,91,2024-01-04 15:27:02
982,Jilli,Manford,jmanfordr9@yahoo.com,35119465,Talmadge,218,2023-11-04 17:52:15
983,Hertha,Desouza,hdesouzara@vistaprint.com,30641952,Fremont,48,2024-02-11 04:54:01
984,Maximilianus,Hinstock,mhinstockrb@smh.com.au,66657746,Heffernan,87,2023-10-21 06:14:51
985,Missy,Antrum,mantrumrc@webs.com,90348590,Hauk,21,2023-05-28 08:06:15
986,Sauveur,Gurko,sgurkord@amazon.co.uk,62393468,Eagle Crest,193,2023-12-22 06:37:19
987,Angel,Berry,aberryre@reference.com,28920825,Farwell,214,2023-08-01 01:15:19
988,Aurelea,Cropton,acroptonrf@salon.com,33808434,Moulton,228,2024-02-17 23:36:04
989,Llywellyn,Josefer,ljoseferrg@skyrock.com,24385431,Armistice,118,2023-08-18 18:30:19
990,Clarita,Dilawey,cdilaweyrh@eepurl.com,78219396,Cherokee,24,2024-03-30 07:03:15
991,Marquita,Daenen,mdaenenri@phpbb.com,55472982,Helena,99,2024-04-10 04:56:34
992,Veradis,Keywood,vkeywoodrj@blogtalkradio.com,45807243,Grasskamp,84,2023-07-09 07:13:37
993,Crystie,Godsell,cgodsellrk@sphinn.com,72188317,Mosinee,30,2023-10-26 05:31:42
994,Anetta,MacLese,amacleserl@godaddy.com,33698574,Charing Cross,128,2024-02-11 02:20:52
995,Herculie,Edmondson,hedmondsonrm@weibo.com,54339852,Fordem,130,2023-10-12 09:59:45
996,Holli,Bernardt,hbernardtrn@unicef.org,74594888,Hayes,219,2023-06-26 12:36:29
997,Roddie,Cromb,rcrombro@opera.com,29969886,Anthes,105,2023-09-12 02:17:53
998,Jeremie,Pavlenkov,jpavlenkovrp@dot.gov,96408036,Sherman,56,2024-01-24 00:04:03
999,Mackenzie,Cotgrove,mcotgroverq@histats.com,75672352,Mccormick,17,2023-06-10 18:32:35
1000,Daphna,Game,dgamerr@addthis.com,75229370,Jackson,6,2024-03-08 19:02:55
